algorithm,unsorted_array,comparisons
mergesort,"[0, 1, 2, 3, 4, 5]",7
quicksort,"[0, 1, 2, 3, 4, 5]",15
shaker sort,"[0, 1, 2, 3, 4, 5]",5
heapsort,"[0, 1, 2, 3, 4, 5]",16
mergesort,"[0, 1, 2, 3, 5, 4]",7
quicksort,"[0, 1, 2, 3, 5, 4]",11
shaker sort,"[0, 1, 2, 3, 5, 4]",9
heapsort,"[0, 1, 2, 3, 5, 4]",15
mergesort,"[0, 1, 2, 4, 3, 5]",8
quicksort,"[0, 1, 2, 4, 3, 5]",12
shaker sort,"[0, 1, 2, 4, 3, 5]",9
heapsort,"[0, 1, 2, 4, 3, 5]",16
mergesort,"[0, 1, 2, 4, 5, 3]",8
quicksort,"[0, 1, 2, 4, 5, 3]",9
shaker sort,"[0, 1, 2, 4, 5, 3]",12
heapsort,"[0, 1, 2, 4, 5, 3]",16
mergesort,"[0, 1, 2, 5, 3, 4]",8
quicksort,"[0, 1, 2, 5, 3, 4]",11
shaker sort,"[0, 1, 2, 5, 3, 4]",9
heapsort,"[0, 1, 2, 5, 3, 4]",15
mergesort,"[0, 1, 2, 5, 4, 3]",8
quicksort,"[0, 1, 2, 5, 4, 3]",9
shaker sort,"[0, 1, 2, 5, 4, 3]",12
heapsort,"[0, 1, 2, 5, 4, 3]",16
mergesort,"[0, 1, 3, 2, 4, 5]",8
quicksort,"[0, 1, 3, 2, 4, 5]",13
shaker sort,"[0, 1, 3, 2, 4, 5]",9
heapsort,"[0, 1, 3, 2, 4, 5]",15
mergesort,"[0, 1, 3, 2, 5, 4]",8
quicksort,"[0, 1, 3, 2, 5, 4]",9
shaker sort,"[0, 1, 3, 2, 5, 4]",9
heapsort,"[0, 1, 3, 2, 5, 4]",14
mergesort,"[0, 1, 3, 4, 2, 5]",9
quicksort,"[0, 1, 3, 4, 2, 5]",11
shaker sort,"[0, 1, 3, 4, 2, 5]",12
heapsort,"[0, 1, 3, 4, 2, 5]",15
mergesort,"[0, 1, 3, 4, 5, 2]",9
quicksort,"[0, 1, 3, 4, 5, 2]",9
shaker sort,"[0, 1, 3, 4, 5, 2]",12
heapsort,"[0, 1, 3, 4, 5, 2]",16
mergesort,"[0, 1, 3, 5, 2, 4]",9
quicksort,"[0, 1, 3, 5, 2, 4]",9
shaker sort,"[0, 1, 3, 5, 2, 4]",12
heapsort,"[0, 1, 3, 5, 2, 4]",14
mergesort,"[0, 1, 3, 5, 4, 2]",9
quicksort,"[0, 1, 3, 5, 4, 2]",9
shaker sort,"[0, 1, 3, 5, 4, 2]",12
heapsort,"[0, 1, 3, 5, 4, 2]",16
mergesort,"[0, 1, 4, 2, 3, 5]",9
quicksort,"[0, 1, 4, 2, 3, 5]",12
shaker sort,"[0, 1, 4, 2, 3, 5]",9
heapsort,"[0, 1, 4, 2, 3, 5]",14
mergesort,"[0, 1, 4, 2, 5, 3]",9
quicksort,"[0, 1, 4, 2, 5, 3]",9
shaker sort,"[0, 1, 4, 2, 5, 3]",12
heapsort,"[0, 1, 4, 2, 5, 3]",14
mergesort,"[0, 1, 4, 3, 2, 5]",10
quicksort,"[0, 1, 4, 3, 2, 5]",11
shaker sort,"[0, 1, 4, 3, 2, 5]",12
heapsort,"[0, 1, 4, 3, 2, 5]",14
mergesort,"[0, 1, 4, 3, 5, 2]",10
quicksort,"[0, 1, 4, 3, 5, 2]",8
shaker sort,"[0, 1, 4, 3, 5, 2]",12
heapsort,"[0, 1, 4, 3, 5, 2]",15
mergesort,"[0, 1, 4, 5, 2, 3]",10
quicksort,"[0, 1, 4, 5, 2, 3]",9
shaker sort,"[0, 1, 4, 5, 2, 3]",14
heapsort,"[0, 1, 4, 5, 2, 3]",14
mergesort,"[0, 1, 4, 5, 3, 2]",10
quicksort,"[0, 1, 4, 5, 3, 2]",8
shaker sort,"[0, 1, 4, 5, 3, 2]",14
heapsort,"[0, 1, 4, 5, 3, 2]",15
mergesort,"[0, 1, 5, 2, 3, 4]",9
quicksort,"[0, 1, 5, 2, 3, 4]",11
shaker sort,"[0, 1, 5, 2, 3, 4]",9
heapsort,"[0, 1, 5, 2, 3, 4]",14
mergesort,"[0, 1, 5, 2, 4, 3]",9
quicksort,"[0, 1, 5, 2, 4, 3]",9
shaker sort,"[0, 1, 5, 2, 4, 3]",12
heapsort,"[0, 1, 5, 2, 4, 3]",15
mergesort,"[0, 1, 5, 3, 2, 4]",10
quicksort,"[0, 1, 5, 3, 2, 4]",9
shaker sort,"[0, 1, 5, 3, 2, 4]",12
heapsort,"[0, 1, 5, 3, 2, 4]",14
mergesort,"[0, 1, 5, 3, 4, 2]",10
quicksort,"[0, 1, 5, 3, 4, 2]",9
shaker sort,"[0, 1, 5, 3, 4, 2]",12
heapsort,"[0, 1, 5, 3, 4, 2]",16
mergesort,"[0, 1, 5, 4, 2, 3]",10
quicksort,"[0, 1, 5, 4, 2, 3]",9
shaker sort,"[0, 1, 5, 4, 2, 3]",14
heapsort,"[0, 1, 5, 4, 2, 3]",15
mergesort,"[0, 1, 5, 4, 3, 2]",10
quicksort,"[0, 1, 5, 4, 3, 2]",9
shaker sort,"[0, 1, 5, 4, 3, 2]",14
heapsort,"[0, 1, 5, 4, 3, 2]",16
mergesort,"[0, 2, 1, 3, 4, 5]",7
quicksort,"[0, 2, 1, 3, 4, 5]",14
shaker sort,"[0, 2, 1, 3, 4, 5]",9
heapsort,"[0, 2, 1, 3, 4, 5]",16
mergesort,"[0, 2, 1, 3, 5, 4]",7
quicksort,"[0, 2, 1, 3, 5, 4]",10
shaker sort,"[0, 2, 1, 3, 5, 4]",9
heapsort,"[0, 2, 1, 3, 5, 4]",15
mergesort,"[0, 2, 1, 4, 3, 5]",8
quicksort,"[0, 2, 1, 4, 3, 5]",11
shaker sort,"[0, 2, 1, 4, 3, 5]",9
heapsort,"[0, 2, 1, 4, 3, 5]",16
mergesort,"[0, 2, 1, 4, 5, 3]",8
quicksort,"[0, 2, 1, 4, 5, 3]",8
shaker sort,"[0, 2, 1, 4, 5, 3]",12
heapsort,"[0, 2, 1, 4, 5, 3]",16
mergesort,"[0, 2, 1, 5, 3, 4]",8
quicksort,"[0, 2, 1, 5, 3, 4]",10
shaker sort,"[0, 2, 1, 5, 3, 4]",9
heapsort,"[0, 2, 1, 5, 3, 4]",15
mergesort,"[0, 2, 1, 5, 4, 3]",8
quicksort,"[0, 2, 1, 5, 4, 3]",8
shaker sort,"[0, 2, 1, 5, 4, 3]",12
heapsort,"[0, 2, 1, 5, 4, 3]",16
mergesort,"[0, 2, 3, 1, 4, 5]",8
quicksort,"[0, 2, 3, 1, 4, 5]",13
shaker sort,"[0, 2, 3, 1, 4, 5]",12
heapsort,"[0, 2, 3, 1, 4, 5]",15
mergesort,"[0, 2, 3, 1, 5, 4]",8
quicksort,"[0, 2, 3, 1, 5, 4]",9
shaker sort,"[0, 2, 3, 1, 5, 4]",12
heapsort,"[0, 2, 3, 1, 5, 4]",14
mergesort,"[0, 2, 3, 4, 1, 5]",9
quicksort,"[0, 2, 3, 4, 1, 5]",12
shaker sort,"[0, 2, 3, 4, 1, 5]",12
heapsort,"[0, 2, 3, 4, 1, 5]",15
mergesort,"[0, 2, 3, 4, 5, 1]",9
quicksort,"[0, 2, 3, 4, 5, 1]",11
shaker sort,"[0, 2, 3, 4, 5, 1]",12
heapsort,"[0, 2, 3, 4, 5, 1]",16
mergesort,"[0, 2, 3, 5, 1, 4]",9
quicksort,"[0, 2, 3, 5, 1, 4]",9
shaker sort,"[0, 2, 3, 5, 1, 4]",12
heapsort,"[0, 2, 3, 5, 1, 4]",14
mergesort,"[0, 2, 3, 5, 4, 1]",9
quicksort,"[0, 2, 3, 5, 4, 1]",11
shaker sort,"[0, 2, 3, 5, 4, 1]",12
heapsort,"[0, 2, 3, 5, 4, 1]",16
mergesort,"[0, 2, 4, 1, 3, 5]",9
quicksort,"[0, 2, 4, 1, 3, 5]",11
shaker sort,"[0, 2, 4, 1, 3, 5]",12
heapsort,"[0, 2, 4, 1, 3, 5]",14
mergesort,"[0, 2, 4, 1, 5, 3]",9
quicksort,"[0, 2, 4, 1, 5, 3]",8
shaker sort,"[0, 2, 4, 1, 5, 3]",12
heapsort,"[0, 2, 4, 1, 5, 3]",14
mergesort,"[0, 2, 4, 3, 1, 5]",10
quicksort,"[0, 2, 4, 3, 1, 5]",12
shaker sort,"[0, 2, 4, 3, 1, 5]",12
heapsort,"[0, 2, 4, 3, 1, 5]",14
mergesort,"[0, 2, 4, 3, 5, 1]",10
quicksort,"[0, 2, 4, 3, 5, 1]",10
shaker sort,"[0, 2, 4, 3, 5, 1]",12
heapsort,"[0, 2, 4, 3, 5, 1]",15
mergesort,"[0, 2, 4, 5, 1, 3]",10
quicksort,"[0, 2, 4, 5, 1, 3]",8
shaker sort,"[0, 2, 4, 5, 1, 3]",14
heapsort,"[0, 2, 4, 5, 1, 3]",14
mergesort,"[0, 2, 4, 5, 3, 1]",10
quicksort,"[0, 2, 4, 5, 3, 1]",10
shaker sort,"[0, 2, 4, 5, 3, 1]",14
heapsort,"[0, 2, 4, 5, 3, 1]",15
mergesort,"[0, 2, 5, 1, 3, 4]",9
quicksort,"[0, 2, 5, 1, 3, 4]",10
shaker sort,"[0, 2, 5, 1, 3, 4]",12
heapsort,"[0, 2, 5, 1, 3, 4]",14
mergesort,"[0, 2, 5, 1, 4, 3]",9
quicksort,"[0, 2, 5, 1, 4, 3]",8
shaker sort,"[0, 2, 5, 1, 4, 3]",12
heapsort,"[0, 2, 5, 1, 4, 3]",15
mergesort,"[0, 2, 5, 3, 1, 4]",10
quicksort,"[0, 2, 5, 3, 1, 4]",9
shaker sort,"[0, 2, 5, 3, 1, 4]",12
heapsort,"[0, 2, 5, 3, 1, 4]",14
mergesort,"[0, 2, 5, 3, 4, 1]",10
quicksort,"[0, 2, 5, 3, 4, 1]",11
shaker sort,"[0, 2, 5, 3, 4, 1]",12
heapsort,"[0, 2, 5, 3, 4, 1]",16
mergesort,"[0, 2, 5, 4, 1, 3]",10
quicksort,"[0, 2, 5, 4, 1, 3]",8
shaker sort,"[0, 2, 5, 4, 1, 3]",14
heapsort,"[0, 2, 5, 4, 1, 3]",15
mergesort,"[0, 2, 5, 4, 3, 1]",10
quicksort,"[0, 2, 5, 4, 3, 1]",11
shaker sort,"[0, 2, 5, 4, 3, 1]",14
heapsort,"[0, 2, 5, 4, 3, 1]",16
mergesort,"[0, 3, 1, 2, 4, 5]",8
quicksort,"[0, 3, 1, 2, 4, 5]",13
shaker sort,"[0, 3, 1, 2, 4, 5]",9
heapsort,"[0, 3, 1, 2, 4, 5]",16
mergesort,"[0, 3, 1, 2, 5, 4]",8
quicksort,"[0, 3, 1, 2, 5, 4]",9
shaker sort,"[0, 3, 1, 2, 5, 4]",9
heapsort,"[0, 3, 1, 2, 5, 4]",15
mergesort,"[0, 3, 1, 4, 2, 5]",9
quicksort,"[0, 3, 1, 4, 2, 5]",11
shaker sort,"[0, 3, 1, 4, 2, 5]",12
heapsort,"[0, 3, 1, 4, 2, 5]",16
mergesort,"[0, 3, 1, 4, 5, 2]",9
quicksort,"[0, 3, 1, 4, 5, 2]",9
shaker sort,"[0, 3, 1, 4, 5, 2]",12
heapsort,"[0, 3, 1, 4, 5, 2]",17
mergesort,"[0, 3, 1, 5, 2, 4]",9
quicksort,"[0, 3, 1, 5, 2, 4]",9
shaker sort,"[0, 3, 1, 5, 2, 4]",12
heapsort,"[0, 3, 1, 5, 2, 4]",15
mergesort,"[0, 3, 1, 5, 4, 2]",9
quicksort,"[0, 3, 1, 5, 4, 2]",9
shaker sort,"[0, 3, 1, 5, 4, 2]",12
heapsort,"[0, 3, 1, 5, 4, 2]",17
mergesort,"[0, 3, 2, 1, 4, 5]",8
quicksort,"[0, 3, 2, 1, 4, 5]",13
shaker sort,"[0, 3, 2, 1, 4, 5]",12
heapsort,"[0, 3, 2, 1, 4, 5]",16
mergesort,"[0, 3, 2, 1, 5, 4]",8
quicksort,"[0, 3, 2, 1, 5, 4]",9
shaker sort,"[0, 3, 2, 1, 5, 4]",12
heapsort,"[0, 3, 2, 1, 5, 4]",15
mergesort,"[0, 3, 2, 4, 1, 5]",9
quicksort,"[0, 3, 2, 4, 1, 5]",11
shaker sort,"[0, 3, 2, 4, 1, 5]",12
heapsort,"[0, 3, 2, 4, 1, 5]",16
mergesort,"[0, 3, 2, 4, 5, 1]",9
quicksort,"[0, 3, 2, 4, 5, 1]",9
shaker sort,"[0, 3, 2, 4, 5, 1]",12
heapsort,"[0, 3, 2, 4, 5, 1]",17
mergesort,"[0, 3, 2, 5, 1, 4]",9
quicksort,"[0, 3, 2, 5, 1, 4]",9
shaker sort,"[0, 3, 2, 5, 1, 4]",12
heapsort,"[0, 3, 2, 5, 1, 4]",15
mergesort,"[0, 3, 2, 5, 4, 1]",9
quicksort,"[0, 3, 2, 5, 4, 1]",9
shaker sort,"[0, 3, 2, 5, 4, 1]",12
heapsort,"[0, 3, 2, 5, 4, 1]",17
mergesort,"[0, 3, 4, 1, 2, 5]",9
quicksort,"[0, 3, 4, 1, 2, 5]",11
shaker sort,"[0, 3, 4, 1, 2, 5]",14
heapsort,"[0, 3, 4, 1, 2, 5]",14
mergesort,"[0, 3, 4, 1, 5, 2]",9
quicksort,"[0, 3, 4, 1, 5, 2]",8
shaker sort,"[0, 3, 4, 1, 5, 2]",14
heapsort,"[0, 3, 4, 1, 5, 2]",15
mergesort,"[0, 3, 4, 2, 1, 5]",10
quicksort,"[0, 3, 4, 2, 1, 5]",11
shaker sort,"[0, 3, 4, 2, 1, 5]",14
heapsort,"[0, 3, 4, 2, 1, 5]",14
mergesort,"[0, 3, 4, 2, 5, 1]",10
quicksort,"[0, 3, 4, 2, 5, 1]",9
shaker sort,"[0, 3, 4, 2, 5, 1]",14
heapsort,"[0, 3, 4, 2, 5, 1]",15
mergesort,"[0, 3, 4, 5, 1, 2]",10
quicksort,"[0, 3, 4, 5, 1, 2]",8
shaker sort,"[0, 3, 4, 5, 1, 2]",15
heapsort,"[0, 3, 4, 5, 1, 2]",15
mergesort,"[0, 3, 4, 5, 2, 1]",10
quicksort,"[0, 3, 4, 5, 2, 1]",9
shaker sort,"[0, 3, 4, 5, 2, 1]",15
heapsort,"[0, 3, 4, 5, 2, 1]",15
mergesort,"[0, 3, 5, 1, 2, 4]",9
quicksort,"[0, 3, 5, 1, 2, 4]",9
shaker sort,"[0, 3, 5, 1, 2, 4]",14
heapsort,"[0, 3, 5, 1, 2, 4]",14
mergesort,"[0, 3, 5, 1, 4, 2]",9
quicksort,"[0, 3, 5, 1, 4, 2]",9
shaker sort,"[0, 3, 5, 1, 4, 2]",14
heapsort,"[0, 3, 5, 1, 4, 2]",16
mergesort,"[0, 3, 5, 2, 1, 4]",10
quicksort,"[0, 3, 5, 2, 1, 4]",9
shaker sort,"[0, 3, 5, 2, 1, 4]",14
heapsort,"[0, 3, 5, 2, 1, 4]",14
mergesort,"[0, 3, 5, 2, 4, 1]",10
quicksort,"[0, 3, 5, 2, 4, 1]",9
shaker sort,"[0, 3, 5, 2, 4, 1]",14
heapsort,"[0, 3, 5, 2, 4, 1]",16
mergesort,"[0, 3, 5, 4, 1, 2]",10
quicksort,"[0, 3, 5, 4, 1, 2]",9
shaker sort,"[0, 3, 5, 4, 1, 2]",15
heapsort,"[0, 3, 5, 4, 1, 2]",16
mergesort,"[0, 3, 5, 4, 2, 1]",10
quicksort,"[0, 3, 5, 4, 2, 1]",9
shaker sort,"[0, 3, 5, 4, 2, 1]",15
heapsort,"[0, 3, 5, 4, 2, 1]",16
mergesort,"[0, 4, 1, 2, 3, 5]",9
quicksort,"[0, 4, 1, 2, 3, 5]",12
shaker sort,"[0, 4, 1, 2, 3, 5]",9
heapsort,"[0, 4, 1, 2, 3, 5]",16
mergesort,"[0, 4, 1, 2, 5, 3]",9
quicksort,"[0, 4, 1, 2, 5, 3]",9
shaker sort,"[0, 4, 1, 2, 5, 3]",12
heapsort,"[0, 4, 1, 2, 5, 3]",16
mergesort,"[0, 4, 1, 3, 2, 5]",10
quicksort,"[0, 4, 1, 3, 2, 5]",11
shaker sort,"[0, 4, 1, 3, 2, 5]",12
heapsort,"[0, 4, 1, 3, 2, 5]",16
mergesort,"[0, 4, 1, 3, 5, 2]",10
quicksort,"[0, 4, 1, 3, 5, 2]",8
shaker sort,"[0, 4, 1, 3, 5, 2]",12
heapsort,"[0, 4, 1, 3, 5, 2]",17
mergesort,"[0, 4, 1, 5, 2, 3]",10
quicksort,"[0, 4, 1, 5, 2, 3]",9
shaker sort,"[0, 4, 1, 5, 2, 3]",14
heapsort,"[0, 4, 1, 5, 2, 3]",16
mergesort,"[0, 4, 1, 5, 3, 2]",10
quicksort,"[0, 4, 1, 5, 3, 2]",8
shaker sort,"[0, 4, 1, 5, 3, 2]",14
heapsort,"[0, 4, 1, 5, 3, 2]",17
mergesort,"[0, 4, 2, 1, 3, 5]",9
quicksort,"[0, 4, 2, 1, 3, 5]",11
shaker sort,"[0, 4, 2, 1, 3, 5]",12
heapsort,"[0, 4, 2, 1, 3, 5]",16
mergesort,"[0, 4, 2, 1, 5, 3]",9
quicksort,"[0, 4, 2, 1, 5, 3]",8
shaker sort,"[0, 4, 2, 1, 5, 3]",12
heapsort,"[0, 4, 2, 1, 5, 3]",16
mergesort,"[0, 4, 2, 3, 1, 5]",10
quicksort,"[0, 4, 2, 3, 1, 5]",12
shaker sort,"[0, 4, 2, 3, 1, 5]",12
heapsort,"[0, 4, 2, 3, 1, 5]",16
mergesort,"[0, 4, 2, 3, 5, 1]",10
quicksort,"[0, 4, 2, 3, 5, 1]",9
shaker sort,"[0, 4, 2, 3, 5, 1]",12
heapsort,"[0, 4, 2, 3, 5, 1]",17
mergesort,"[0, 4, 2, 5, 1, 3]",10
quicksort,"[0, 4, 2, 5, 1, 3]",8
shaker sort,"[0, 4, 2, 5, 1, 3]",14
heapsort,"[0, 4, 2, 5, 1, 3]",16
mergesort,"[0, 4, 2, 5, 3, 1]",10
quicksort,"[0, 4, 2, 5, 3, 1]",9
shaker sort,"[0, 4, 2, 5, 3, 1]",14
heapsort,"[0, 4, 2, 5, 3, 1]",17
mergesort,"[0, 4, 3, 1, 2, 5]",9
quicksort,"[0, 4, 3, 1, 2, 5]",11
shaker sort,"[0, 4, 3, 1, 2, 5]",14
heapsort,"[0, 4, 3, 1, 2, 5]",15
mergesort,"[0, 4, 3, 1, 5, 2]",9
quicksort,"[0, 4, 3, 1, 5, 2]",9
shaker sort,"[0, 4, 3, 1, 5, 2]",14
heapsort,"[0, 4, 3, 1, 5, 2]",16
mergesort,"[0, 4, 3, 2, 1, 5]",10
quicksort,"[0, 4, 3, 2, 1, 5]",12
shaker sort,"[0, 4, 3, 2, 1, 5]",14
heapsort,"[0, 4, 3, 2, 1, 5]",15
mergesort,"[0, 4, 3, 2, 5, 1]",10
quicksort,"[0, 4, 3, 2, 5, 1]",9
shaker sort,"[0, 4, 3, 2, 5, 1]",14
heapsort,"[0, 4, 3, 2, 5, 1]",16
mergesort,"[0, 4, 3, 5, 1, 2]",10
quicksort,"[0, 4, 3, 5, 1, 2]",9
shaker sort,"[0, 4, 3, 5, 1, 2]",15
heapsort,"[0, 4, 3, 5, 1, 2]",16
mergesort,"[0, 4, 3, 5, 2, 1]",10
quicksort,"[0, 4, 3, 5, 2, 1]",9
shaker sort,"[0, 4, 3, 5, 2, 1]",15
heapsort,"[0, 4, 3, 5, 2, 1]",16
mergesort,"[0, 4, 5, 1, 2, 3]",8
quicksort,"[0, 4, 5, 1, 2, 3]",9
shaker sort,"[0, 4, 5, 1, 2, 3]",14
heapsort,"[0, 4, 5, 1, 2, 3]",15
mergesort,"[0, 4, 5, 1, 3, 2]",8
quicksort,"[0, 4, 5, 1, 3, 2]",9
shaker sort,"[0, 4, 5, 1, 3, 2]",14
heapsort,"[0, 4, 5, 1, 3, 2]",16
mergesort,"[0, 4, 5, 2, 1, 3]",9
quicksort,"[0, 4, 5, 2, 1, 3]",8
shaker sort,"[0, 4, 5, 2, 1, 3]",14
heapsort,"[0, 4, 5, 2, 1, 3]",15
mergesort,"[0, 4, 5, 2, 3, 1]",9
quicksort,"[0, 4, 5, 2, 3, 1]",9
shaker sort,"[0, 4, 5, 2, 3, 1]",14
heapsort,"[0, 4, 5, 2, 3, 1]",16
mergesort,"[0, 4, 5, 3, 1, 2]",9
quicksort,"[0, 4, 5, 3, 1, 2]",9
shaker sort,"[0, 4, 5, 3, 1, 2]",15
heapsort,"[0, 4, 5, 3, 1, 2]",16
mergesort,"[0, 4, 5, 3, 2, 1]",9
quicksort,"[0, 4, 5, 3, 2, 1]",9
shaker sort,"[0, 4, 5, 3, 2, 1]",15
heapsort,"[0, 4, 5, 3, 2, 1]",16
mergesort,"[0, 5, 1, 2, 3, 4]",9
quicksort,"[0, 5, 1, 2, 3, 4]",11
shaker sort,"[0, 5, 1, 2, 3, 4]",9
heapsort,"[0, 5, 1, 2, 3, 4]",15
mergesort,"[0, 5, 1, 2, 4, 3]",9
quicksort,"[0, 5, 1, 2, 4, 3]",9
shaker sort,"[0, 5, 1, 2, 4, 3]",12
heapsort,"[0, 5, 1, 2, 4, 3]",16
mergesort,"[0, 5, 1, 3, 2, 4]",10
quicksort,"[0, 5, 1, 3, 2, 4]",9
shaker sort,"[0, 5, 1, 3, 2, 4]",12
heapsort,"[0, 5, 1, 3, 2, 4]",15
mergesort,"[0, 5, 1, 3, 4, 2]",10
quicksort,"[0, 5, 1, 3, 4, 2]",9
shaker sort,"[0, 5, 1, 3, 4, 2]",12
heapsort,"[0, 5, 1, 3, 4, 2]",17
mergesort,"[0, 5, 1, 4, 2, 3]",10
quicksort,"[0, 5, 1, 4, 2, 3]",9
shaker sort,"[0, 5, 1, 4, 2, 3]",14
heapsort,"[0, 5, 1, 4, 2, 3]",16
mergesort,"[0, 5, 1, 4, 3, 2]",10
quicksort,"[0, 5, 1, 4, 3, 2]",9
shaker sort,"[0, 5, 1, 4, 3, 2]",14
heapsort,"[0, 5, 1, 4, 3, 2]",17
mergesort,"[0, 5, 2, 1, 3, 4]",9
quicksort,"[0, 5, 2, 1, 3, 4]",10
shaker sort,"[0, 5, 2, 1, 3, 4]",12
heapsort,"[0, 5, 2, 1, 3, 4]",15
mergesort,"[0, 5, 2, 1, 4, 3]",9
quicksort,"[0, 5, 2, 1, 4, 3]",8
shaker sort,"[0, 5, 2, 1, 4, 3]",12
heapsort,"[0, 5, 2, 1, 4, 3]",16
mergesort,"[0, 5, 2, 3, 1, 4]",10
quicksort,"[0, 5, 2, 3, 1, 4]",9
shaker sort,"[0, 5, 2, 3, 1, 4]",12
heapsort,"[0, 5, 2, 3, 1, 4]",15
mergesort,"[0, 5, 2, 3, 4, 1]",10
quicksort,"[0, 5, 2, 3, 4, 1]",11
shaker sort,"[0, 5, 2, 3, 4, 1]",12
heapsort,"[0, 5, 2, 3, 4, 1]",17
mergesort,"[0, 5, 2, 4, 1, 3]",10
quicksort,"[0, 5, 2, 4, 1, 3]",8
shaker sort,"[0, 5, 2, 4, 1, 3]",14
heapsort,"[0, 5, 2, 4, 1, 3]",16
mergesort,"[0, 5, 2, 4, 3, 1]",10
quicksort,"[0, 5, 2, 4, 3, 1]",10
shaker sort,"[0, 5, 2, 4, 3, 1]",14
heapsort,"[0, 5, 2, 4, 3, 1]",17
mergesort,"[0, 5, 3, 1, 2, 4]",9
quicksort,"[0, 5, 3, 1, 2, 4]",9
shaker sort,"[0, 5, 3, 1, 2, 4]",14
heapsort,"[0, 5, 3, 1, 2, 4]",14
mergesort,"[0, 5, 3, 1, 4, 2]",9
quicksort,"[0, 5, 3, 1, 4, 2]",9
shaker sort,"[0, 5, 3, 1, 4, 2]",14
heapsort,"[0, 5, 3, 1, 4, 2]",16
mergesort,"[0, 5, 3, 2, 1, 4]",10
quicksort,"[0, 5, 3, 2, 1, 4]",9
shaker sort,"[0, 5, 3, 2, 1, 4]",14
heapsort,"[0, 5, 3, 2, 1, 4]",14
mergesort,"[0, 5, 3, 2, 4, 1]",10
quicksort,"[0, 5, 3, 2, 4, 1]",11
shaker sort,"[0, 5, 3, 2, 4, 1]",14
heapsort,"[0, 5, 3, 2, 4, 1]",16
mergesort,"[0, 5, 3, 4, 1, 2]",10
quicksort,"[0, 5, 3, 4, 1, 2]",9
shaker sort,"[0, 5, 3, 4, 1, 2]",15
heapsort,"[0, 5, 3, 4, 1, 2]",16
mergesort,"[0, 5, 3, 4, 2, 1]",10
quicksort,"[0, 5, 3, 4, 2, 1]",11
shaker sort,"[0, 5, 3, 4, 2, 1]",15
heapsort,"[0, 5, 3, 4, 2, 1]",16
mergesort,"[0, 5, 4, 1, 2, 3]",8
quicksort,"[0, 5, 4, 1, 2, 3]",9
shaker sort,"[0, 5, 4, 1, 2, 3]",14
heapsort,"[0, 5, 4, 1, 2, 3]",14
mergesort,"[0, 5, 4, 1, 3, 2]",8
quicksort,"[0, 5, 4, 1, 3, 2]",8
shaker sort,"[0, 5, 4, 1, 3, 2]",14
heapsort,"[0, 5, 4, 1, 3, 2]",15
mergesort,"[0, 5, 4, 2, 1, 3]",9
quicksort,"[0, 5, 4, 2, 1, 3]",8
shaker sort,"[0, 5, 4, 2, 1, 3]",14
heapsort,"[0, 5, 4, 2, 1, 3]",14
mergesort,"[0, 5, 4, 2, 3, 1]",9
quicksort,"[0, 5, 4, 2, 3, 1]",10
shaker sort,"[0, 5, 4, 2, 3, 1]",14
heapsort,"[0, 5, 4, 2, 3, 1]",15
mergesort,"[0, 5, 4, 3, 1, 2]",9
quicksort,"[0, 5, 4, 3, 1, 2]",8
shaker sort,"[0, 5, 4, 3, 1, 2]",15
heapsort,"[0, 5, 4, 3, 1, 2]",15
mergesort,"[0, 5, 4, 3, 2, 1]",9
quicksort,"[0, 5, 4, 3, 2, 1]",11
shaker sort,"[0, 5, 4, 3, 2, 1]",15
heapsort,"[0, 5, 4, 3, 2, 1]",15
mergesort,"[1, 0, 2, 3, 4, 5]",8
quicksort,"[1, 0, 2, 3, 4, 5]",15
shaker sort,"[1, 0, 2, 3, 4, 5]",9
heapsort,"[1, 0, 2, 3, 4, 5]",16
mergesort,"[1, 0, 2, 3, 5, 4]",8
quicksort,"[1, 0, 2, 3, 5, 4]",11
shaker sort,"[1, 0, 2, 3, 5, 4]",9
heapsort,"[1, 0, 2, 3, 5, 4]",15
mergesort,"[1, 0, 2, 4, 3, 5]",9
quicksort,"[1, 0, 2, 4, 3, 5]",12
shaker sort,"[1, 0, 2, 4, 3, 5]",9
heapsort,"[1, 0, 2, 4, 3, 5]",16
mergesort,"[1, 0, 2, 4, 5, 3]",9
quicksort,"[1, 0, 2, 4, 5, 3]",9
shaker sort,"[1, 0, 2, 4, 5, 3]",12
heapsort,"[1, 0, 2, 4, 5, 3]",16
mergesort,"[1, 0, 2, 5, 3, 4]",9
quicksort,"[1, 0, 2, 5, 3, 4]",11
shaker sort,"[1, 0, 2, 5, 3, 4]",9
heapsort,"[1, 0, 2, 5, 3, 4]",15
mergesort,"[1, 0, 2, 5, 4, 3]",9
quicksort,"[1, 0, 2, 5, 4, 3]",9
shaker sort,"[1, 0, 2, 5, 4, 3]",12
heapsort,"[1, 0, 2, 5, 4, 3]",16
mergesort,"[1, 0, 3, 2, 4, 5]",9
quicksort,"[1, 0, 3, 2, 4, 5]",13
shaker sort,"[1, 0, 3, 2, 4, 5]",9
heapsort,"[1, 0, 3, 2, 4, 5]",15
mergesort,"[1, 0, 3, 2, 5, 4]",9
quicksort,"[1, 0, 3, 2, 5, 4]",9
shaker sort,"[1, 0, 3, 2, 5, 4]",9
heapsort,"[1, 0, 3, 2, 5, 4]",14
mergesort,"[1, 0, 3, 4, 2, 5]",10
quicksort,"[1, 0, 3, 4, 2, 5]",11
shaker sort,"[1, 0, 3, 4, 2, 5]",12
heapsort,"[1, 0, 3, 4, 2, 5]",15
mergesort,"[1, 0, 3, 4, 5, 2]",10
quicksort,"[1, 0, 3, 4, 5, 2]",9
shaker sort,"[1, 0, 3, 4, 5, 2]",12
heapsort,"[1, 0, 3, 4, 5, 2]",16
mergesort,"[1, 0, 3, 5, 2, 4]",10
quicksort,"[1, 0, 3, 5, 2, 4]",9
shaker sort,"[1, 0, 3, 5, 2, 4]",12
heapsort,"[1, 0, 3, 5, 2, 4]",14
mergesort,"[1, 0, 3, 5, 4, 2]",10
quicksort,"[1, 0, 3, 5, 4, 2]",9
shaker sort,"[1, 0, 3, 5, 4, 2]",12
heapsort,"[1, 0, 3, 5, 4, 2]",16
mergesort,"[1, 0, 4, 2, 3, 5]",10
quicksort,"[1, 0, 4, 2, 3, 5]",12
shaker sort,"[1, 0, 4, 2, 3, 5]",9
heapsort,"[1, 0, 4, 2, 3, 5]",14
mergesort,"[1, 0, 4, 2, 5, 3]",10
quicksort,"[1, 0, 4, 2, 5, 3]",9
shaker sort,"[1, 0, 4, 2, 5, 3]",12
heapsort,"[1, 0, 4, 2, 5, 3]",14
mergesort,"[1, 0, 4, 3, 2, 5]",11
quicksort,"[1, 0, 4, 3, 2, 5]",11
shaker sort,"[1, 0, 4, 3, 2, 5]",12
heapsort,"[1, 0, 4, 3, 2, 5]",14
mergesort,"[1, 0, 4, 3, 5, 2]",11
quicksort,"[1, 0, 4, 3, 5, 2]",8
shaker sort,"[1, 0, 4, 3, 5, 2]",12
heapsort,"[1, 0, 4, 3, 5, 2]",15
mergesort,"[1, 0, 4, 5, 2, 3]",11
quicksort,"[1, 0, 4, 5, 2, 3]",9
shaker sort,"[1, 0, 4, 5, 2, 3]",14
heapsort,"[1, 0, 4, 5, 2, 3]",14
mergesort,"[1, 0, 4, 5, 3, 2]",11
quicksort,"[1, 0, 4, 5, 3, 2]",8
shaker sort,"[1, 0, 4, 5, 3, 2]",14
heapsort,"[1, 0, 4, 5, 3, 2]",15
mergesort,"[1, 0, 5, 2, 3, 4]",10
quicksort,"[1, 0, 5, 2, 3, 4]",11
shaker sort,"[1, 0, 5, 2, 3, 4]",9
heapsort,"[1, 0, 5, 2, 3, 4]",14
mergesort,"[1, 0, 5, 2, 4, 3]",10
quicksort,"[1, 0, 5, 2, 4, 3]",9
shaker sort,"[1, 0, 5, 2, 4, 3]",12
heapsort,"[1, 0, 5, 2, 4, 3]",15
mergesort,"[1, 0, 5, 3, 2, 4]",11
quicksort,"[1, 0, 5, 3, 2, 4]",9
shaker sort,"[1, 0, 5, 3, 2, 4]",12
heapsort,"[1, 0, 5, 3, 2, 4]",14
mergesort,"[1, 0, 5, 3, 4, 2]",11
quicksort,"[1, 0, 5, 3, 4, 2]",9
shaker sort,"[1, 0, 5, 3, 4, 2]",12
heapsort,"[1, 0, 5, 3, 4, 2]",16
mergesort,"[1, 0, 5, 4, 2, 3]",11
quicksort,"[1, 0, 5, 4, 2, 3]",9
shaker sort,"[1, 0, 5, 4, 2, 3]",14
heapsort,"[1, 0, 5, 4, 2, 3]",15
mergesort,"[1, 0, 5, 4, 3, 2]",11
quicksort,"[1, 0, 5, 4, 3, 2]",9
shaker sort,"[1, 0, 5, 4, 3, 2]",14
heapsort,"[1, 0, 5, 4, 3, 2]",16
mergesort,"[1, 2, 0, 3, 4, 5]",8
quicksort,"[1, 2, 0, 3, 4, 5]",15
shaker sort,"[1, 2, 0, 3, 4, 5]",12
heapsort,"[1, 2, 0, 3, 4, 5]",16
mergesort,"[1, 2, 0, 3, 5, 4]",8
quicksort,"[1, 2, 0, 3, 5, 4]",11
shaker sort,"[1, 2, 0, 3, 5, 4]",12
heapsort,"[1, 2, 0, 3, 5, 4]",15
mergesort,"[1, 2, 0, 4, 3, 5]",9
quicksort,"[1, 2, 0, 4, 3, 5]",12
shaker sort,"[1, 2, 0, 4, 3, 5]",12
heapsort,"[1, 2, 0, 4, 3, 5]",16
mergesort,"[1, 2, 0, 4, 5, 3]",9
quicksort,"[1, 2, 0, 4, 5, 3]",9
shaker sort,"[1, 2, 0, 4, 5, 3]",12
heapsort,"[1, 2, 0, 4, 5, 3]",16
mergesort,"[1, 2, 0, 5, 3, 4]",9
quicksort,"[1, 2, 0, 5, 3, 4]",11
shaker sort,"[1, 2, 0, 5, 3, 4]",12
heapsort,"[1, 2, 0, 5, 3, 4]",15
mergesort,"[1, 2, 0, 5, 4, 3]",9
quicksort,"[1, 2, 0, 5, 4, 3]",9
shaker sort,"[1, 2, 0, 5, 4, 3]",12
heapsort,"[1, 2, 0, 5, 4, 3]",16
mergesort,"[1, 2, 3, 0, 4, 5]",8
quicksort,"[1, 2, 3, 0, 4, 5]",15
shaker sort,"[1, 2, 3, 0, 4, 5]",12
heapsort,"[1, 2, 3, 0, 4, 5]",15
mergesort,"[1, 2, 3, 0, 5, 4]",8
quicksort,"[1, 2, 3, 0, 5, 4]",11
shaker sort,"[1, 2, 3, 0, 5, 4]",12
heapsort,"[1, 2, 3, 0, 5, 4]",14
mergesort,"[1, 2, 3, 4, 0, 5]",9
quicksort,"[1, 2, 3, 4, 0, 5]",15
shaker sort,"[1, 2, 3, 4, 0, 5]",12
heapsort,"[1, 2, 3, 4, 0, 5]",15
mergesort,"[1, 2, 3, 4, 5, 0]",9
quicksort,"[1, 2, 3, 4, 5, 0]",15
shaker sort,"[1, 2, 3, 4, 5, 0]",12
heapsort,"[1, 2, 3, 4, 5, 0]",16
mergesort,"[1, 2, 3, 5, 0, 4]",9
quicksort,"[1, 2, 3, 5, 0, 4]",11
shaker sort,"[1, 2, 3, 5, 0, 4]",12
heapsort,"[1, 2, 3, 5, 0, 4]",14
mergesort,"[1, 2, 3, 5, 4, 0]",9
quicksort,"[1, 2, 3, 5, 4, 0]",15
shaker sort,"[1, 2, 3, 5, 4, 0]",12
heapsort,"[1, 2, 3, 5, 4, 0]",16
mergesort,"[1, 2, 4, 0, 3, 5]",9
quicksort,"[1, 2, 4, 0, 3, 5]",12
shaker sort,"[1, 2, 4, 0, 3, 5]",12
heapsort,"[1, 2, 4, 0, 3, 5]",14
mergesort,"[1, 2, 4, 0, 5, 3]",9
quicksort,"[1, 2, 4, 0, 5, 3]",9
shaker sort,"[1, 2, 4, 0, 5, 3]",12
heapsort,"[1, 2, 4, 0, 5, 3]",14
mergesort,"[1, 2, 4, 3, 0, 5]",10
quicksort,"[1, 2, 4, 3, 0, 5]",15
shaker sort,"[1, 2, 4, 3, 0, 5]",12
heapsort,"[1, 2, 4, 3, 0, 5]",14
mergesort,"[1, 2, 4, 3, 5, 0]",10
quicksort,"[1, 2, 4, 3, 5, 0]",14
shaker sort,"[1, 2, 4, 3, 5, 0]",12
heapsort,"[1, 2, 4, 3, 5, 0]",15
mergesort,"[1, 2, 4, 5, 0, 3]",10
quicksort,"[1, 2, 4, 5, 0, 3]",9
shaker sort,"[1, 2, 4, 5, 0, 3]",14
heapsort,"[1, 2, 4, 5, 0, 3]",14
mergesort,"[1, 2, 4, 5, 3, 0]",10
quicksort,"[1, 2, 4, 5, 3, 0]",14
shaker sort,"[1, 2, 4, 5, 3, 0]",14
heapsort,"[1, 2, 4, 5, 3, 0]",15
mergesort,"[1, 2, 5, 0, 3, 4]",9
quicksort,"[1, 2, 5, 0, 3, 4]",11
shaker sort,"[1, 2, 5, 0, 3, 4]",12
heapsort,"[1, 2, 5, 0, 3, 4]",14
mergesort,"[1, 2, 5, 0, 4, 3]",9
quicksort,"[1, 2, 5, 0, 4, 3]",9
shaker sort,"[1, 2, 5, 0, 4, 3]",12
heapsort,"[1, 2, 5, 0, 4, 3]",15
mergesort,"[1, 2, 5, 3, 0, 4]",10
quicksort,"[1, 2, 5, 3, 0, 4]",11
shaker sort,"[1, 2, 5, 3, 0, 4]",12
heapsort,"[1, 2, 5, 3, 0, 4]",14
mergesort,"[1, 2, 5, 3, 4, 0]",10
quicksort,"[1, 2, 5, 3, 4, 0]",15
shaker sort,"[1, 2, 5, 3, 4, 0]",12
heapsort,"[1, 2, 5, 3, 4, 0]",16
mergesort,"[1, 2, 5, 4, 0, 3]",10
quicksort,"[1, 2, 5, 4, 0, 3]",9
shaker sort,"[1, 2, 5, 4, 0, 3]",14
heapsort,"[1, 2, 5, 4, 0, 3]",15
mergesort,"[1, 2, 5, 4, 3, 0]",10
quicksort,"[1, 2, 5, 4, 3, 0]",15
shaker sort,"[1, 2, 5, 4, 3, 0]",14
heapsort,"[1, 2, 5, 4, 3, 0]",16
mergesort,"[1, 3, 0, 2, 4, 5]",9
quicksort,"[1, 3, 0, 2, 4, 5]",13
shaker sort,"[1, 3, 0, 2, 4, 5]",12
heapsort,"[1, 3, 0, 2, 4, 5]",16
mergesort,"[1, 3, 0, 2, 5, 4]",9
quicksort,"[1, 3, 0, 2, 5, 4]",9
shaker sort,"[1, 3, 0, 2, 5, 4]",12
heapsort,"[1, 3, 0, 2, 5, 4]",15
mergesort,"[1, 3, 0, 4, 2, 5]",10
quicksort,"[1, 3, 0, 4, 2, 5]",11
shaker sort,"[1, 3, 0, 4, 2, 5]",12
heapsort,"[1, 3, 0, 4, 2, 5]",16
mergesort,"[1, 3, 0, 4, 5, 2]",10
quicksort,"[1, 3, 0, 4, 5, 2]",9
shaker sort,"[1, 3, 0, 4, 5, 2]",12
heapsort,"[1, 3, 0, 4, 5, 2]",17
mergesort,"[1, 3, 0, 5, 2, 4]",10
quicksort,"[1, 3, 0, 5, 2, 4]",9
shaker sort,"[1, 3, 0, 5, 2, 4]",12
heapsort,"[1, 3, 0, 5, 2, 4]",15
mergesort,"[1, 3, 0, 5, 4, 2]",10
quicksort,"[1, 3, 0, 5, 4, 2]",9
shaker sort,"[1, 3, 0, 5, 4, 2]",12
heapsort,"[1, 3, 0, 5, 4, 2]",17
mergesort,"[1, 3, 2, 0, 4, 5]",8
quicksort,"[1, 3, 2, 0, 4, 5]",15
shaker sort,"[1, 3, 2, 0, 4, 5]",12
heapsort,"[1, 3, 2, 0, 4, 5]",16
mergesort,"[1, 3, 2, 0, 5, 4]",8
quicksort,"[1, 3, 2, 0, 5, 4]",11
shaker sort,"[1, 3, 2, 0, 5, 4]",12
heapsort,"[1, 3, 2, 0, 5, 4]",15
mergesort,"[1, 3, 2, 4, 0, 5]",9
quicksort,"[1, 3, 2, 4, 0, 5]",14
shaker sort,"[1, 3, 2, 4, 0, 5]",12
heapsort,"[1, 3, 2, 4, 0, 5]",16
mergesort,"[1, 3, 2, 4, 5, 0]",9
quicksort,"[1, 3, 2, 4, 5, 0]",13
shaker sort,"[1, 3, 2, 4, 5, 0]",12
heapsort,"[1, 3, 2, 4, 5, 0]",17
mergesort,"[1, 3, 2, 5, 0, 4]",9
quicksort,"[1, 3, 2, 5, 0, 4]",11
shaker sort,"[1, 3, 2, 5, 0, 4]",12
heapsort,"[1, 3, 2, 5, 0, 4]",15
mergesort,"[1, 3, 2, 5, 4, 0]",9
quicksort,"[1, 3, 2, 5, 4, 0]",13
shaker sort,"[1, 3, 2, 5, 4, 0]",12
heapsort,"[1, 3, 2, 5, 4, 0]",17
mergesort,"[1, 3, 4, 0, 2, 5]",9
quicksort,"[1, 3, 4, 0, 2, 5]",11
shaker sort,"[1, 3, 4, 0, 2, 5]",14
heapsort,"[1, 3, 4, 0, 2, 5]",14
mergesort,"[1, 3, 4, 0, 5, 2]",9
quicksort,"[1, 3, 4, 0, 5, 2]",8
shaker sort,"[1, 3, 4, 0, 5, 2]",14
heapsort,"[1, 3, 4, 0, 5, 2]",15
mergesort,"[1, 3, 4, 2, 0, 5]",10
quicksort,"[1, 3, 4, 2, 0, 5]",14
shaker sort,"[1, 3, 4, 2, 0, 5]",14
heapsort,"[1, 3, 4, 2, 0, 5]",14
mergesort,"[1, 3, 4, 2, 5, 0]",10
quicksort,"[1, 3, 4, 2, 5, 0]",13
shaker sort,"[1, 3, 4, 2, 5, 0]",14
heapsort,"[1, 3, 4, 2, 5, 0]",15
mergesort,"[1, 3, 4, 5, 0, 2]",10
quicksort,"[1, 3, 4, 5, 0, 2]",8
shaker sort,"[1, 3, 4, 5, 0, 2]",15
heapsort,"[1, 3, 4, 5, 0, 2]",15
mergesort,"[1, 3, 4, 5, 2, 0]",10
quicksort,"[1, 3, 4, 5, 2, 0]",13
shaker sort,"[1, 3, 4, 5, 2, 0]",15
heapsort,"[1, 3, 4, 5, 2, 0]",15
mergesort,"[1, 3, 5, 0, 2, 4]",9
quicksort,"[1, 3, 5, 0, 2, 4]",9
shaker sort,"[1, 3, 5, 0, 2, 4]",14
heapsort,"[1, 3, 5, 0, 2, 4]",14
mergesort,"[1, 3, 5, 0, 4, 2]",9
quicksort,"[1, 3, 5, 0, 4, 2]",9
shaker sort,"[1, 3, 5, 0, 4, 2]",14
heapsort,"[1, 3, 5, 0, 4, 2]",16
mergesort,"[1, 3, 5, 2, 0, 4]",10
quicksort,"[1, 3, 5, 2, 0, 4]",11
shaker sort,"[1, 3, 5, 2, 0, 4]",14
heapsort,"[1, 3, 5, 2, 0, 4]",14
mergesort,"[1, 3, 5, 2, 4, 0]",10
quicksort,"[1, 3, 5, 2, 4, 0]",13
shaker sort,"[1, 3, 5, 2, 4, 0]",14
heapsort,"[1, 3, 5, 2, 4, 0]",16
mergesort,"[1, 3, 5, 4, 0, 2]",10
quicksort,"[1, 3, 5, 4, 0, 2]",9
shaker sort,"[1, 3, 5, 4, 0, 2]",15
heapsort,"[1, 3, 5, 4, 0, 2]",16
mergesort,"[1, 3, 5, 4, 2, 0]",10
quicksort,"[1, 3, 5, 4, 2, 0]",13
shaker sort,"[1, 3, 5, 4, 2, 0]",15
heapsort,"[1, 3, 5, 4, 2, 0]",16
mergesort,"[1, 4, 0, 2, 3, 5]",10
quicksort,"[1, 4, 0, 2, 3, 5]",12
shaker sort,"[1, 4, 0, 2, 3, 5]",12
heapsort,"[1, 4, 0, 2, 3, 5]",16
mergesort,"[1, 4, 0, 2, 5, 3]",10
quicksort,"[1, 4, 0, 2, 5, 3]",9
shaker sort,"[1, 4, 0, 2, 5, 3]",12
heapsort,"[1, 4, 0, 2, 5, 3]",16
mergesort,"[1, 4, 0, 3, 2, 5]",11
quicksort,"[1, 4, 0, 3, 2, 5]",11
shaker sort,"[1, 4, 0, 3, 2, 5]",12
heapsort,"[1, 4, 0, 3, 2, 5]",16
mergesort,"[1, 4, 0, 3, 5, 2]",11
quicksort,"[1, 4, 0, 3, 5, 2]",8
shaker sort,"[1, 4, 0, 3, 5, 2]",12
heapsort,"[1, 4, 0, 3, 5, 2]",17
mergesort,"[1, 4, 0, 5, 2, 3]",11
quicksort,"[1, 4, 0, 5, 2, 3]",9
shaker sort,"[1, 4, 0, 5, 2, 3]",14
heapsort,"[1, 4, 0, 5, 2, 3]",16
mergesort,"[1, 4, 0, 5, 3, 2]",11
quicksort,"[1, 4, 0, 5, 3, 2]",8
shaker sort,"[1, 4, 0, 5, 3, 2]",14
heapsort,"[1, 4, 0, 5, 3, 2]",17
mergesort,"[1, 4, 2, 0, 3, 5]",9
quicksort,"[1, 4, 2, 0, 3, 5]",12
shaker sort,"[1, 4, 2, 0, 3, 5]",12
heapsort,"[1, 4, 2, 0, 3, 5]",16
mergesort,"[1, 4, 2, 0, 5, 3]",9
quicksort,"[1, 4, 2, 0, 5, 3]",9
shaker sort,"[1, 4, 2, 0, 5, 3]",12
heapsort,"[1, 4, 2, 0, 5, 3]",16
mergesort,"[1, 4, 2, 3, 0, 5]",10
quicksort,"[1, 4, 2, 3, 0, 5]",15
shaker sort,"[1, 4, 2, 3, 0, 5]",12
heapsort,"[1, 4, 2, 3, 0, 5]",16
mergesort,"[1, 4, 2, 3, 5, 0]",10
quicksort,"[1, 4, 2, 3, 5, 0]",13
shaker sort,"[1, 4, 2, 3, 5, 0]",12
heapsort,"[1, 4, 2, 3, 5, 0]",17
mergesort,"[1, 4, 2, 5, 0, 3]",10
quicksort,"[1, 4, 2, 5, 0, 3]",9
shaker sort,"[1, 4, 2, 5, 0, 3]",14
heapsort,"[1, 4, 2, 5, 0, 3]",16
mergesort,"[1, 4, 2, 5, 3, 0]",10
quicksort,"[1, 4, 2, 5, 3, 0]",13
shaker sort,"[1, 4, 2, 5, 3, 0]",14
heapsort,"[1, 4, 2, 5, 3, 0]",17
mergesort,"[1, 4, 3, 0, 2, 5]",9
quicksort,"[1, 4, 3, 0, 2, 5]",11
shaker sort,"[1, 4, 3, 0, 2, 5]",14
heapsort,"[1, 4, 3, 0, 2, 5]",15
mergesort,"[1, 4, 3, 0, 5, 2]",9
quicksort,"[1, 4, 3, 0, 5, 2]",9
shaker sort,"[1, 4, 3, 0, 5, 2]",14
heapsort,"[1, 4, 3, 0, 5, 2]",16
mergesort,"[1, 4, 3, 2, 0, 5]",10
quicksort,"[1, 4, 3, 2, 0, 5]",15
shaker sort,"[1, 4, 3, 2, 0, 5]",14
heapsort,"[1, 4, 3, 2, 0, 5]",15
mergesort,"[1, 4, 3, 2, 5, 0]",10
quicksort,"[1, 4, 3, 2, 5, 0]",13
shaker sort,"[1, 4, 3, 2, 5, 0]",14
heapsort,"[1, 4, 3, 2, 5, 0]",16
mergesort,"[1, 4, 3, 5, 0, 2]",10
quicksort,"[1, 4, 3, 5, 0, 2]",9
shaker sort,"[1, 4, 3, 5, 0, 2]",15
heapsort,"[1, 4, 3, 5, 0, 2]",16
mergesort,"[1, 4, 3, 5, 2, 0]",10
quicksort,"[1, 4, 3, 5, 2, 0]",13
shaker sort,"[1, 4, 3, 5, 2, 0]",15
heapsort,"[1, 4, 3, 5, 2, 0]",16
mergesort,"[1, 4, 5, 0, 2, 3]",8
quicksort,"[1, 4, 5, 0, 2, 3]",9
shaker sort,"[1, 4, 5, 0, 2, 3]",14
heapsort,"[1, 4, 5, 0, 2, 3]",15
mergesort,"[1, 4, 5, 0, 3, 2]",8
quicksort,"[1, 4, 5, 0, 3, 2]",9
shaker sort,"[1, 4, 5, 0, 3, 2]",14
heapsort,"[1, 4, 5, 0, 3, 2]",16
mergesort,"[1, 4, 5, 2, 0, 3]",9
quicksort,"[1, 4, 5, 2, 0, 3]",9
shaker sort,"[1, 4, 5, 2, 0, 3]",14
heapsort,"[1, 4, 5, 2, 0, 3]",15
mergesort,"[1, 4, 5, 2, 3, 0]",9
quicksort,"[1, 4, 5, 2, 3, 0]",13
shaker sort,"[1, 4, 5, 2, 3, 0]",14
heapsort,"[1, 4, 5, 2, 3, 0]",16
mergesort,"[1, 4, 5, 3, 0, 2]",9
quicksort,"[1, 4, 5, 3, 0, 2]",9
shaker sort,"[1, 4, 5, 3, 0, 2]",15
heapsort,"[1, 4, 5, 3, 0, 2]",16
mergesort,"[1, 4, 5, 3, 2, 0]",9
quicksort,"[1, 4, 5, 3, 2, 0]",13
shaker sort,"[1, 4, 5, 3, 2, 0]",15
heapsort,"[1, 4, 5, 3, 2, 0]",16
mergesort,"[1, 5, 0, 2, 3, 4]",10
quicksort,"[1, 5, 0, 2, 3, 4]",11
shaker sort,"[1, 5, 0, 2, 3, 4]",12
heapsort,"[1, 5, 0, 2, 3, 4]",15
mergesort,"[1, 5, 0, 2, 4, 3]",10
quicksort,"[1, 5, 0, 2, 4, 3]",9
shaker sort,"[1, 5, 0, 2, 4, 3]",12
heapsort,"[1, 5, 0, 2, 4, 3]",16
mergesort,"[1, 5, 0, 3, 2, 4]",11
quicksort,"[1, 5, 0, 3, 2, 4]",9
shaker sort,"[1, 5, 0, 3, 2, 4]",12
heapsort,"[1, 5, 0, 3, 2, 4]",15
mergesort,"[1, 5, 0, 3, 4, 2]",11
quicksort,"[1, 5, 0, 3, 4, 2]",9
shaker sort,"[1, 5, 0, 3, 4, 2]",12
heapsort,"[1, 5, 0, 3, 4, 2]",17
mergesort,"[1, 5, 0, 4, 2, 3]",11
quicksort,"[1, 5, 0, 4, 2, 3]",9
shaker sort,"[1, 5, 0, 4, 2, 3]",14
heapsort,"[1, 5, 0, 4, 2, 3]",16
mergesort,"[1, 5, 0, 4, 3, 2]",11
quicksort,"[1, 5, 0, 4, 3, 2]",9
shaker sort,"[1, 5, 0, 4, 3, 2]",14
heapsort,"[1, 5, 0, 4, 3, 2]",17
mergesort,"[1, 5, 2, 0, 3, 4]",9
quicksort,"[1, 5, 2, 0, 3, 4]",11
shaker sort,"[1, 5, 2, 0, 3, 4]",12
heapsort,"[1, 5, 2, 0, 3, 4]",15
mergesort,"[1, 5, 2, 0, 4, 3]",9
quicksort,"[1, 5, 2, 0, 4, 3]",9
shaker sort,"[1, 5, 2, 0, 4, 3]",12
heapsort,"[1, 5, 2, 0, 4, 3]",16
mergesort,"[1, 5, 2, 3, 0, 4]",10
quicksort,"[1, 5, 2, 3, 0, 4]",11
shaker sort,"[1, 5, 2, 3, 0, 4]",12
heapsort,"[1, 5, 2, 3, 0, 4]",15
mergesort,"[1, 5, 2, 3, 4, 0]",10
quicksort,"[1, 5, 2, 3, 4, 0]",15
shaker sort,"[1, 5, 2, 3, 4, 0]",12
heapsort,"[1, 5, 2, 3, 4, 0]",17
mergesort,"[1, 5, 2, 4, 0, 3]",10
quicksort,"[1, 5, 2, 4, 0, 3]",9
shaker sort,"[1, 5, 2, 4, 0, 3]",14
heapsort,"[1, 5, 2, 4, 0, 3]",16
mergesort,"[1, 5, 2, 4, 3, 0]",10
quicksort,"[1, 5, 2, 4, 3, 0]",14
shaker sort,"[1, 5, 2, 4, 3, 0]",14
heapsort,"[1, 5, 2, 4, 3, 0]",17
mergesort,"[1, 5, 3, 0, 2, 4]",9
quicksort,"[1, 5, 3, 0, 2, 4]",9
shaker sort,"[1, 5, 3, 0, 2, 4]",14
heapsort,"[1, 5, 3, 0, 2, 4]",14
mergesort,"[1, 5, 3, 0, 4, 2]",9
quicksort,"[1, 5, 3, 0, 4, 2]",9
shaker sort,"[1, 5, 3, 0, 4, 2]",14
heapsort,"[1, 5, 3, 0, 4, 2]",16
mergesort,"[1, 5, 3, 2, 0, 4]",10
quicksort,"[1, 5, 3, 2, 0, 4]",11
shaker sort,"[1, 5, 3, 2, 0, 4]",14
heapsort,"[1, 5, 3, 2, 0, 4]",14
mergesort,"[1, 5, 3, 2, 4, 0]",10
quicksort,"[1, 5, 3, 2, 4, 0]",15
shaker sort,"[1, 5, 3, 2, 4, 0]",14
heapsort,"[1, 5, 3, 2, 4, 0]",16
mergesort,"[1, 5, 3, 4, 0, 2]",10
quicksort,"[1, 5, 3, 4, 0, 2]",9
shaker sort,"[1, 5, 3, 4, 0, 2]",15
heapsort,"[1, 5, 3, 4, 0, 2]",16
mergesort,"[1, 5, 3, 4, 2, 0]",10
quicksort,"[1, 5, 3, 4, 2, 0]",15
shaker sort,"[1, 5, 3, 4, 2, 0]",15
heapsort,"[1, 5, 3, 4, 2, 0]",16
mergesort,"[1, 5, 4, 0, 2, 3]",8
quicksort,"[1, 5, 4, 0, 2, 3]",9
shaker sort,"[1, 5, 4, 0, 2, 3]",14
heapsort,"[1, 5, 4, 0, 2, 3]",14
mergesort,"[1, 5, 4, 0, 3, 2]",8
quicksort,"[1, 5, 4, 0, 3, 2]",8
shaker sort,"[1, 5, 4, 0, 3, 2]",14
heapsort,"[1, 5, 4, 0, 3, 2]",15
mergesort,"[1, 5, 4, 2, 0, 3]",9
quicksort,"[1, 5, 4, 2, 0, 3]",9
shaker sort,"[1, 5, 4, 2, 0, 3]",14
heapsort,"[1, 5, 4, 2, 0, 3]",14
mergesort,"[1, 5, 4, 2, 3, 0]",9
quicksort,"[1, 5, 4, 2, 3, 0]",14
shaker sort,"[1, 5, 4, 2, 3, 0]",14
heapsort,"[1, 5, 4, 2, 3, 0]",15
mergesort,"[1, 5, 4, 3, 0, 2]",9
quicksort,"[1, 5, 4, 3, 0, 2]",8
shaker sort,"[1, 5, 4, 3, 0, 2]",15
heapsort,"[1, 5, 4, 3, 0, 2]",15
mergesort,"[1, 5, 4, 3, 2, 0]",9
quicksort,"[1, 5, 4, 3, 2, 0]",15
shaker sort,"[1, 5, 4, 3, 2, 0]",15
heapsort,"[1, 5, 4, 3, 2, 0]",15
mergesort,"[2, 0, 1, 3, 4, 5]",8
quicksort,"[2, 0, 1, 3, 4, 5]",14
shaker sort,"[2, 0, 1, 3, 4, 5]",9
heapsort,"[2, 0, 1, 3, 4, 5]",16
mergesort,"[2, 0, 1, 3, 5, 4]",8
quicksort,"[2, 0, 1, 3, 5, 4]",10
shaker sort,"[2, 0, 1, 3, 5, 4]",9
heapsort,"[2, 0, 1, 3, 5, 4]",15
mergesort,"[2, 0, 1, 4, 3, 5]",9
quicksort,"[2, 0, 1, 4, 3, 5]",11
shaker sort,"[2, 0, 1, 4, 3, 5]",9
heapsort,"[2, 0, 1, 4, 3, 5]",16
mergesort,"[2, 0, 1, 4, 5, 3]",9
quicksort,"[2, 0, 1, 4, 5, 3]",8
shaker sort,"[2, 0, 1, 4, 5, 3]",12
heapsort,"[2, 0, 1, 4, 5, 3]",16
mergesort,"[2, 0, 1, 5, 3, 4]",9
quicksort,"[2, 0, 1, 5, 3, 4]",10
shaker sort,"[2, 0, 1, 5, 3, 4]",9
heapsort,"[2, 0, 1, 5, 3, 4]",15
mergesort,"[2, 0, 1, 5, 4, 3]",9
quicksort,"[2, 0, 1, 5, 4, 3]",8
shaker sort,"[2, 0, 1, 5, 4, 3]",12
heapsort,"[2, 0, 1, 5, 4, 3]",16
mergesort,"[2, 0, 3, 1, 4, 5]",9
quicksort,"[2, 0, 3, 1, 4, 5]",13
shaker sort,"[2, 0, 3, 1, 4, 5]",12
heapsort,"[2, 0, 3, 1, 4, 5]",15
mergesort,"[2, 0, 3, 1, 5, 4]",9
quicksort,"[2, 0, 3, 1, 5, 4]",9
shaker sort,"[2, 0, 3, 1, 5, 4]",12
heapsort,"[2, 0, 3, 1, 5, 4]",14
mergesort,"[2, 0, 3, 4, 1, 5]",10
quicksort,"[2, 0, 3, 4, 1, 5]",12
shaker sort,"[2, 0, 3, 4, 1, 5]",12
heapsort,"[2, 0, 3, 4, 1, 5]",15
mergesort,"[2, 0, 3, 4, 5, 1]",10
quicksort,"[2, 0, 3, 4, 5, 1]",11
shaker sort,"[2, 0, 3, 4, 5, 1]",12
heapsort,"[2, 0, 3, 4, 5, 1]",16
mergesort,"[2, 0, 3, 5, 1, 4]",10
quicksort,"[2, 0, 3, 5, 1, 4]",9
shaker sort,"[2, 0, 3, 5, 1, 4]",12
heapsort,"[2, 0, 3, 5, 1, 4]",14
mergesort,"[2, 0, 3, 5, 4, 1]",10
quicksort,"[2, 0, 3, 5, 4, 1]",11
shaker sort,"[2, 0, 3, 5, 4, 1]",12
heapsort,"[2, 0, 3, 5, 4, 1]",16
mergesort,"[2, 0, 4, 1, 3, 5]",10
quicksort,"[2, 0, 4, 1, 3, 5]",11
shaker sort,"[2, 0, 4, 1, 3, 5]",12
heapsort,"[2, 0, 4, 1, 3, 5]",14
mergesort,"[2, 0, 4, 1, 5, 3]",10
quicksort,"[2, 0, 4, 1, 5, 3]",8
shaker sort,"[2, 0, 4, 1, 5, 3]",12
heapsort,"[2, 0, 4, 1, 5, 3]",14
mergesort,"[2, 0, 4, 3, 1, 5]",11
quicksort,"[2, 0, 4, 3, 1, 5]",12
shaker sort,"[2, 0, 4, 3, 1, 5]",12
heapsort,"[2, 0, 4, 3, 1, 5]",14
mergesort,"[2, 0, 4, 3, 5, 1]",11
quicksort,"[2, 0, 4, 3, 5, 1]",10
shaker sort,"[2, 0, 4, 3, 5, 1]",12
heapsort,"[2, 0, 4, 3, 5, 1]",15
mergesort,"[2, 0, 4, 5, 1, 3]",11
quicksort,"[2, 0, 4, 5, 1, 3]",8
shaker sort,"[2, 0, 4, 5, 1, 3]",14
heapsort,"[2, 0, 4, 5, 1, 3]",14
mergesort,"[2, 0, 4, 5, 3, 1]",11
quicksort,"[2, 0, 4, 5, 3, 1]",10
shaker sort,"[2, 0, 4, 5, 3, 1]",14
heapsort,"[2, 0, 4, 5, 3, 1]",15
mergesort,"[2, 0, 5, 1, 3, 4]",10
quicksort,"[2, 0, 5, 1, 3, 4]",10
shaker sort,"[2, 0, 5, 1, 3, 4]",12
heapsort,"[2, 0, 5, 1, 3, 4]",14
mergesort,"[2, 0, 5, 1, 4, 3]",10
quicksort,"[2, 0, 5, 1, 4, 3]",8
shaker sort,"[2, 0, 5, 1, 4, 3]",12
heapsort,"[2, 0, 5, 1, 4, 3]",15
mergesort,"[2, 0, 5, 3, 1, 4]",11
quicksort,"[2, 0, 5, 3, 1, 4]",9
shaker sort,"[2, 0, 5, 3, 1, 4]",12
heapsort,"[2, 0, 5, 3, 1, 4]",14
mergesort,"[2, 0, 5, 3, 4, 1]",11
quicksort,"[2, 0, 5, 3, 4, 1]",11
shaker sort,"[2, 0, 5, 3, 4, 1]",12
heapsort,"[2, 0, 5, 3, 4, 1]",16
mergesort,"[2, 0, 5, 4, 1, 3]",11
quicksort,"[2, 0, 5, 4, 1, 3]",8
shaker sort,"[2, 0, 5, 4, 1, 3]",14
heapsort,"[2, 0, 5, 4, 1, 3]",15
mergesort,"[2, 0, 5, 4, 3, 1]",11
quicksort,"[2, 0, 5, 4, 3, 1]",11
shaker sort,"[2, 0, 5, 4, 3, 1]",14
heapsort,"[2, 0, 5, 4, 3, 1]",16
mergesort,"[2, 1, 0, 3, 4, 5]",8
quicksort,"[2, 1, 0, 3, 4, 5]",15
shaker sort,"[2, 1, 0, 3, 4, 5]",12
heapsort,"[2, 1, 0, 3, 4, 5]",16
mergesort,"[2, 1, 0, 3, 5, 4]",8
quicksort,"[2, 1, 0, 3, 5, 4]",11
shaker sort,"[2, 1, 0, 3, 5, 4]",12
heapsort,"[2, 1, 0, 3, 5, 4]",15
mergesort,"[2, 1, 0, 4, 3, 5]",9
quicksort,"[2, 1, 0, 4, 3, 5]",12
shaker sort,"[2, 1, 0, 4, 3, 5]",12
heapsort,"[2, 1, 0, 4, 3, 5]",16
mergesort,"[2, 1, 0, 4, 5, 3]",9
quicksort,"[2, 1, 0, 4, 5, 3]",9
shaker sort,"[2, 1, 0, 4, 5, 3]",12
heapsort,"[2, 1, 0, 4, 5, 3]",16
mergesort,"[2, 1, 0, 5, 3, 4]",9
quicksort,"[2, 1, 0, 5, 3, 4]",11
shaker sort,"[2, 1, 0, 5, 3, 4]",12
heapsort,"[2, 1, 0, 5, 3, 4]",15
mergesort,"[2, 1, 0, 5, 4, 3]",9
quicksort,"[2, 1, 0, 5, 4, 3]",9
shaker sort,"[2, 1, 0, 5, 4, 3]",12
heapsort,"[2, 1, 0, 5, 4, 3]",16
mergesort,"[2, 1, 3, 0, 4, 5]",9
quicksort,"[2, 1, 3, 0, 4, 5]",14
shaker sort,"[2, 1, 3, 0, 4, 5]",12
heapsort,"[2, 1, 3, 0, 4, 5]",15
mergesort,"[2, 1, 3, 0, 5, 4]",9
quicksort,"[2, 1, 3, 0, 5, 4]",10
shaker sort,"[2, 1, 3, 0, 5, 4]",12
heapsort,"[2, 1, 3, 0, 5, 4]",14
mergesort,"[2, 1, 3, 4, 0, 5]",10
quicksort,"[2, 1, 3, 4, 0, 5]",13
shaker sort,"[2, 1, 3, 4, 0, 5]",12
heapsort,"[2, 1, 3, 4, 0, 5]",15
mergesort,"[2, 1, 3, 4, 5, 0]",10
quicksort,"[2, 1, 3, 4, 5, 0]",12
shaker sort,"[2, 1, 3, 4, 5, 0]",12
heapsort,"[2, 1, 3, 4, 5, 0]",16
mergesort,"[2, 1, 3, 5, 0, 4]",10
quicksort,"[2, 1, 3, 5, 0, 4]",10
shaker sort,"[2, 1, 3, 5, 0, 4]",12
heapsort,"[2, 1, 3, 5, 0, 4]",14
mergesort,"[2, 1, 3, 5, 4, 0]",10
quicksort,"[2, 1, 3, 5, 4, 0]",12
shaker sort,"[2, 1, 3, 5, 4, 0]",12
heapsort,"[2, 1, 3, 5, 4, 0]",16
mergesort,"[2, 1, 4, 0, 3, 5]",10
quicksort,"[2, 1, 4, 0, 3, 5]",12
shaker sort,"[2, 1, 4, 0, 3, 5]",12
heapsort,"[2, 1, 4, 0, 3, 5]",14
mergesort,"[2, 1, 4, 0, 5, 3]",10
quicksort,"[2, 1, 4, 0, 5, 3]",9
shaker sort,"[2, 1, 4, 0, 5, 3]",12
heapsort,"[2, 1, 4, 0, 5, 3]",14
mergesort,"[2, 1, 4, 3, 0, 5]",11
quicksort,"[2, 1, 4, 3, 0, 5]",13
shaker sort,"[2, 1, 4, 3, 0, 5]",12
heapsort,"[2, 1, 4, 3, 0, 5]",14
mergesort,"[2, 1, 4, 3, 5, 0]",11
quicksort,"[2, 1, 4, 3, 5, 0]",11
shaker sort,"[2, 1, 4, 3, 5, 0]",12
heapsort,"[2, 1, 4, 3, 5, 0]",15
mergesort,"[2, 1, 4, 5, 0, 3]",11
quicksort,"[2, 1, 4, 5, 0, 3]",9
shaker sort,"[2, 1, 4, 5, 0, 3]",14
heapsort,"[2, 1, 4, 5, 0, 3]",14
mergesort,"[2, 1, 4, 5, 3, 0]",11
quicksort,"[2, 1, 4, 5, 3, 0]",11
shaker sort,"[2, 1, 4, 5, 3, 0]",14
heapsort,"[2, 1, 4, 5, 3, 0]",15
mergesort,"[2, 1, 5, 0, 3, 4]",10
quicksort,"[2, 1, 5, 0, 3, 4]",11
shaker sort,"[2, 1, 5, 0, 3, 4]",12
heapsort,"[2, 1, 5, 0, 3, 4]",14
mergesort,"[2, 1, 5, 0, 4, 3]",10
quicksort,"[2, 1, 5, 0, 4, 3]",9
shaker sort,"[2, 1, 5, 0, 4, 3]",12
heapsort,"[2, 1, 5, 0, 4, 3]",15
mergesort,"[2, 1, 5, 3, 0, 4]",11
quicksort,"[2, 1, 5, 3, 0, 4]",10
shaker sort,"[2, 1, 5, 3, 0, 4]",12
heapsort,"[2, 1, 5, 3, 0, 4]",14
mergesort,"[2, 1, 5, 3, 4, 0]",11
quicksort,"[2, 1, 5, 3, 4, 0]",12
shaker sort,"[2, 1, 5, 3, 4, 0]",12
heapsort,"[2, 1, 5, 3, 4, 0]",16
mergesort,"[2, 1, 5, 4, 0, 3]",11
quicksort,"[2, 1, 5, 4, 0, 3]",9
shaker sort,"[2, 1, 5, 4, 0, 3]",14
heapsort,"[2, 1, 5, 4, 0, 3]",15
mergesort,"[2, 1, 5, 4, 3, 0]",11
quicksort,"[2, 1, 5, 4, 3, 0]",12
shaker sort,"[2, 1, 5, 4, 3, 0]",14
heapsort,"[2, 1, 5, 4, 3, 0]",16
mergesort,"[2, 3, 0, 1, 4, 5]",9
quicksort,"[2, 3, 0, 1, 4, 5]",13
shaker sort,"[2, 3, 0, 1, 4, 5]",14
heapsort,"[2, 3, 0, 1, 4, 5]",16
mergesort,"[2, 3, 0, 1, 5, 4]",9
quicksort,"[2, 3, 0, 1, 5, 4]",9
shaker sort,"[2, 3, 0, 1, 5, 4]",14
heapsort,"[2, 3, 0, 1, 5, 4]",15
mergesort,"[2, 3, 0, 4, 1, 5]",10
quicksort,"[2, 3, 0, 4, 1, 5]",11
shaker sort,"[2, 3, 0, 4, 1, 5]",14
heapsort,"[2, 3, 0, 4, 1, 5]",16
mergesort,"[2, 3, 0, 4, 5, 1]",10
quicksort,"[2, 3, 0, 4, 5, 1]",9
shaker sort,"[2, 3, 0, 4, 5, 1]",14
heapsort,"[2, 3, 0, 4, 5, 1]",17
mergesort,"[2, 3, 0, 5, 1, 4]",10
quicksort,"[2, 3, 0, 5, 1, 4]",9
shaker sort,"[2, 3, 0, 5, 1, 4]",14
heapsort,"[2, 3, 0, 5, 1, 4]",15
mergesort,"[2, 3, 0, 5, 4, 1]",10
quicksort,"[2, 3, 0, 5, 4, 1]",9
shaker sort,"[2, 3, 0, 5, 4, 1]",14
heapsort,"[2, 3, 0, 5, 4, 1]",17
mergesort,"[2, 3, 1, 0, 4, 5]",9
quicksort,"[2, 3, 1, 0, 4, 5]",14
shaker sort,"[2, 3, 1, 0, 4, 5]",14
heapsort,"[2, 3, 1, 0, 4, 5]",16
mergesort,"[2, 3, 1, 0, 5, 4]",9
quicksort,"[2, 3, 1, 0, 5, 4]",10
shaker sort,"[2, 3, 1, 0, 5, 4]",14
heapsort,"[2, 3, 1, 0, 5, 4]",15
mergesort,"[2, 3, 1, 4, 0, 5]",10
quicksort,"[2, 3, 1, 4, 0, 5]",13
shaker sort,"[2, 3, 1, 4, 0, 5]",14
heapsort,"[2, 3, 1, 4, 0, 5]",16
mergesort,"[2, 3, 1, 4, 5, 0]",10
quicksort,"[2, 3, 1, 4, 5, 0]",12
shaker sort,"[2, 3, 1, 4, 5, 0]",14
heapsort,"[2, 3, 1, 4, 5, 0]",17
mergesort,"[2, 3, 1, 5, 0, 4]",10
quicksort,"[2, 3, 1, 5, 0, 4]",10
shaker sort,"[2, 3, 1, 5, 0, 4]",14
heapsort,"[2, 3, 1, 5, 0, 4]",15
mergesort,"[2, 3, 1, 5, 4, 0]",10
quicksort,"[2, 3, 1, 5, 4, 0]",12
shaker sort,"[2, 3, 1, 5, 4, 0]",14
heapsort,"[2, 3, 1, 5, 4, 0]",17
mergesort,"[2, 3, 4, 0, 1, 5]",9
quicksort,"[2, 3, 4, 0, 1, 5]",11
shaker sort,"[2, 3, 4, 0, 1, 5]",15
heapsort,"[2, 3, 4, 0, 1, 5]",14
mergesort,"[2, 3, 4, 0, 5, 1]",9
quicksort,"[2, 3, 4, 0, 5, 1]",9
shaker sort,"[2, 3, 4, 0, 5, 1]",15
heapsort,"[2, 3, 4, 0, 5, 1]",15
mergesort,"[2, 3, 4, 1, 0, 5]",10
quicksort,"[2, 3, 4, 1, 0, 5]",13
shaker sort,"[2, 3, 4, 1, 0, 5]",15
heapsort,"[2, 3, 4, 1, 0, 5]",14
mergesort,"[2, 3, 4, 1, 5, 0]",10
quicksort,"[2, 3, 4, 1, 5, 0]",11
shaker sort,"[2, 3, 4, 1, 5, 0]",15
heapsort,"[2, 3, 4, 1, 5, 0]",15
mergesort,"[2, 3, 4, 5, 0, 1]",10
quicksort,"[2, 3, 4, 5, 0, 1]",9
shaker sort,"[2, 3, 4, 5, 0, 1]",15
heapsort,"[2, 3, 4, 5, 0, 1]",15
mergesort,"[2, 3, 4, 5, 1, 0]",10
quicksort,"[2, 3, 4, 5, 1, 0]",11
shaker sort,"[2, 3, 4, 5, 1, 0]",15
heapsort,"[2, 3, 4, 5, 1, 0]",15
mergesort,"[2, 3, 5, 0, 1, 4]",9
quicksort,"[2, 3, 5, 0, 1, 4]",9
shaker sort,"[2, 3, 5, 0, 1, 4]",15
heapsort,"[2, 3, 5, 0, 1, 4]",14
mergesort,"[2, 3, 5, 0, 4, 1]",9
quicksort,"[2, 3, 5, 0, 4, 1]",9
shaker sort,"[2, 3, 5, 0, 4, 1]",15
heapsort,"[2, 3, 5, 0, 4, 1]",16
mergesort,"[2, 3, 5, 1, 0, 4]",10
quicksort,"[2, 3, 5, 1, 0, 4]",10
shaker sort,"[2, 3, 5, 1, 0, 4]",15
heapsort,"[2, 3, 5, 1, 0, 4]",14
mergesort,"[2, 3, 5, 1, 4, 0]",10
quicksort,"[2, 3, 5, 1, 4, 0]",12
shaker sort,"[2, 3, 5, 1, 4, 0]",15
heapsort,"[2, 3, 5, 1, 4, 0]",16
mergesort,"[2, 3, 5, 4, 0, 1]",10
quicksort,"[2, 3, 5, 4, 0, 1]",9
shaker sort,"[2, 3, 5, 4, 0, 1]",15
heapsort,"[2, 3, 5, 4, 0, 1]",16
mergesort,"[2, 3, 5, 4, 1, 0]",10
quicksort,"[2, 3, 5, 4, 1, 0]",12
shaker sort,"[2, 3, 5, 4, 1, 0]",15
heapsort,"[2, 3, 5, 4, 1, 0]",16
mergesort,"[2, 4, 0, 1, 3, 5]",10
quicksort,"[2, 4, 0, 1, 3, 5]",11
shaker sort,"[2, 4, 0, 1, 3, 5]",14
heapsort,"[2, 4, 0, 1, 3, 5]",16
mergesort,"[2, 4, 0, 1, 5, 3]",10
quicksort,"[2, 4, 0, 1, 5, 3]",8
shaker sort,"[2, 4, 0, 1, 5, 3]",14
heapsort,"[2, 4, 0, 1, 5, 3]",16
mergesort,"[2, 4, 0, 3, 1, 5]",11
quicksort,"[2, 4, 0, 3, 1, 5]",12
shaker sort,"[2, 4, 0, 3, 1, 5]",14
heapsort,"[2, 4, 0, 3, 1, 5]",16
mergesort,"[2, 4, 0, 3, 5, 1]",11
quicksort,"[2, 4, 0, 3, 5, 1]",9
shaker sort,"[2, 4, 0, 3, 5, 1]",14
heapsort,"[2, 4, 0, 3, 5, 1]",17
mergesort,"[2, 4, 0, 5, 1, 3]",11
quicksort,"[2, 4, 0, 5, 1, 3]",8
shaker sort,"[2, 4, 0, 5, 1, 3]",14
heapsort,"[2, 4, 0, 5, 1, 3]",16
mergesort,"[2, 4, 0, 5, 3, 1]",11
quicksort,"[2, 4, 0, 5, 3, 1]",9
shaker sort,"[2, 4, 0, 5, 3, 1]",14
heapsort,"[2, 4, 0, 5, 3, 1]",17
mergesort,"[2, 4, 1, 0, 3, 5]",10
quicksort,"[2, 4, 1, 0, 3, 5]",12
shaker sort,"[2, 4, 1, 0, 3, 5]",14
heapsort,"[2, 4, 1, 0, 3, 5]",16
mergesort,"[2, 4, 1, 0, 5, 3]",10
quicksort,"[2, 4, 1, 0, 5, 3]",9
shaker sort,"[2, 4, 1, 0, 5, 3]",14
heapsort,"[2, 4, 1, 0, 5, 3]",16
mergesort,"[2, 4, 1, 3, 0, 5]",11
quicksort,"[2, 4, 1, 3, 0, 5]",13
shaker sort,"[2, 4, 1, 3, 0, 5]",14
heapsort,"[2, 4, 1, 3, 0, 5]",16
mergesort,"[2, 4, 1, 3, 5, 0]",11
quicksort,"[2, 4, 1, 3, 5, 0]",11
shaker sort,"[2, 4, 1, 3, 5, 0]",14
heapsort,"[2, 4, 1, 3, 5, 0]",17
mergesort,"[2, 4, 1, 5, 0, 3]",11
quicksort,"[2, 4, 1, 5, 0, 3]",9
shaker sort,"[2, 4, 1, 5, 0, 3]",14
heapsort,"[2, 4, 1, 5, 0, 3]",16
mergesort,"[2, 4, 1, 5, 3, 0]",11
quicksort,"[2, 4, 1, 5, 3, 0]",11
shaker sort,"[2, 4, 1, 5, 3, 0]",14
heapsort,"[2, 4, 1, 5, 3, 0]",17
mergesort,"[2, 4, 3, 0, 1, 5]",9
quicksort,"[2, 4, 3, 0, 1, 5]",12
shaker sort,"[2, 4, 3, 0, 1, 5]",15
heapsort,"[2, 4, 3, 0, 1, 5]",15
mergesort,"[2, 4, 3, 0, 5, 1]",9
quicksort,"[2, 4, 3, 0, 5, 1]",9
shaker sort,"[2, 4, 3, 0, 5, 1]",15
heapsort,"[2, 4, 3, 0, 5, 1]",16
mergesort,"[2, 4, 3, 1, 0, 5]",10
quicksort,"[2, 4, 3, 1, 0, 5]",13
shaker sort,"[2, 4, 3, 1, 0, 5]",15
heapsort,"[2, 4, 3, 1, 0, 5]",15
mergesort,"[2, 4, 3, 1, 5, 0]",10
quicksort,"[2, 4, 3, 1, 5, 0]",12
shaker sort,"[2, 4, 3, 1, 5, 0]",15
heapsort,"[2, 4, 3, 1, 5, 0]",16
mergesort,"[2, 4, 3, 5, 0, 1]",10
quicksort,"[2, 4, 3, 5, 0, 1]",9
shaker sort,"[2, 4, 3, 5, 0, 1]",15
heapsort,"[2, 4, 3, 5, 0, 1]",16
mergesort,"[2, 4, 3, 5, 1, 0]",10
quicksort,"[2, 4, 3, 5, 1, 0]",12
shaker sort,"[2, 4, 3, 5, 1, 0]",15
heapsort,"[2, 4, 3, 5, 1, 0]",16
mergesort,"[2, 4, 5, 0, 1, 3]",8
quicksort,"[2, 4, 5, 0, 1, 3]",8
shaker sort,"[2, 4, 5, 0, 1, 3]",15
heapsort,"[2, 4, 5, 0, 1, 3]",15
mergesort,"[2, 4, 5, 0, 3, 1]",8
quicksort,"[2, 4, 5, 0, 3, 1]",9
shaker sort,"[2, 4, 5, 0, 3, 1]",15
heapsort,"[2, 4, 5, 0, 3, 1]",16
mergesort,"[2, 4, 5, 1, 0, 3]",9
quicksort,"[2, 4, 5, 1, 0, 3]",9
shaker sort,"[2, 4, 5, 1, 0, 3]",15
heapsort,"[2, 4, 5, 1, 0, 3]",15
mergesort,"[2, 4, 5, 1, 3, 0]",9
quicksort,"[2, 4, 5, 1, 3, 0]",12
shaker sort,"[2, 4, 5, 1, 3, 0]",15
heapsort,"[2, 4, 5, 1, 3, 0]",16
mergesort,"[2, 4, 5, 3, 0, 1]",9
quicksort,"[2, 4, 5, 3, 0, 1]",9
shaker sort,"[2, 4, 5, 3, 0, 1]",15
heapsort,"[2, 4, 5, 3, 0, 1]",16
mergesort,"[2, 4, 5, 3, 1, 0]",9
quicksort,"[2, 4, 5, 3, 1, 0]",12
shaker sort,"[2, 4, 5, 3, 1, 0]",15
heapsort,"[2, 4, 5, 3, 1, 0]",16
mergesort,"[2, 5, 0, 1, 3, 4]",10
quicksort,"[2, 5, 0, 1, 3, 4]",10
shaker sort,"[2, 5, 0, 1, 3, 4]",14
heapsort,"[2, 5, 0, 1, 3, 4]",15
mergesort,"[2, 5, 0, 1, 4, 3]",10
quicksort,"[2, 5, 0, 1, 4, 3]",8
shaker sort,"[2, 5, 0, 1, 4, 3]",14
heapsort,"[2, 5, 0, 1, 4, 3]",16
mergesort,"[2, 5, 0, 3, 1, 4]",11
quicksort,"[2, 5, 0, 3, 1, 4]",9
shaker sort,"[2, 5, 0, 3, 1, 4]",14
heapsort,"[2, 5, 0, 3, 1, 4]",15
mergesort,"[2, 5, 0, 3, 4, 1]",11
quicksort,"[2, 5, 0, 3, 4, 1]",11
shaker sort,"[2, 5, 0, 3, 4, 1]",14
heapsort,"[2, 5, 0, 3, 4, 1]",17
mergesort,"[2, 5, 0, 4, 1, 3]",11
quicksort,"[2, 5, 0, 4, 1, 3]",8
shaker sort,"[2, 5, 0, 4, 1, 3]",14
heapsort,"[2, 5, 0, 4, 1, 3]",16
mergesort,"[2, 5, 0, 4, 3, 1]",11
quicksort,"[2, 5, 0, 4, 3, 1]",10
shaker sort,"[2, 5, 0, 4, 3, 1]",14
heapsort,"[2, 5, 0, 4, 3, 1]",17
mergesort,"[2, 5, 1, 0, 3, 4]",10
quicksort,"[2, 5, 1, 0, 3, 4]",11
shaker sort,"[2, 5, 1, 0, 3, 4]",14
heapsort,"[2, 5, 1, 0, 3, 4]",15
mergesort,"[2, 5, 1, 0, 4, 3]",10
quicksort,"[2, 5, 1, 0, 4, 3]",9
shaker sort,"[2, 5, 1, 0, 4, 3]",14
heapsort,"[2, 5, 1, 0, 4, 3]",16
mergesort,"[2, 5, 1, 3, 0, 4]",11
quicksort,"[2, 5, 1, 3, 0, 4]",10
shaker sort,"[2, 5, 1, 3, 0, 4]",14
heapsort,"[2, 5, 1, 3, 0, 4]",15
mergesort,"[2, 5, 1, 3, 4, 0]",11
quicksort,"[2, 5, 1, 3, 4, 0]",12
shaker sort,"[2, 5, 1, 3, 4, 0]",14
heapsort,"[2, 5, 1, 3, 4, 0]",17
mergesort,"[2, 5, 1, 4, 0, 3]",11
quicksort,"[2, 5, 1, 4, 0, 3]",9
shaker sort,"[2, 5, 1, 4, 0, 3]",14
heapsort,"[2, 5, 1, 4, 0, 3]",16
mergesort,"[2, 5, 1, 4, 3, 0]",11
quicksort,"[2, 5, 1, 4, 3, 0]",12
shaker sort,"[2, 5, 1, 4, 3, 0]",14
heapsort,"[2, 5, 1, 4, 3, 0]",17
mergesort,"[2, 5, 3, 0, 1, 4]",9
quicksort,"[2, 5, 3, 0, 1, 4]",9
shaker sort,"[2, 5, 3, 0, 1, 4]",15
heapsort,"[2, 5, 3, 0, 1, 4]",14
mergesort,"[2, 5, 3, 0, 4, 1]",9
quicksort,"[2, 5, 3, 0, 4, 1]",11
shaker sort,"[2, 5, 3, 0, 4, 1]",15
heapsort,"[2, 5, 3, 0, 4, 1]",16
mergesort,"[2, 5, 3, 1, 0, 4]",10
quicksort,"[2, 5, 3, 1, 0, 4]",10
shaker sort,"[2, 5, 3, 1, 0, 4]",15
heapsort,"[2, 5, 3, 1, 0, 4]",14
mergesort,"[2, 5, 3, 1, 4, 0]",10
quicksort,"[2, 5, 3, 1, 4, 0]",12
shaker sort,"[2, 5, 3, 1, 4, 0]",15
heapsort,"[2, 5, 3, 1, 4, 0]",16
mergesort,"[2, 5, 3, 4, 0, 1]",10
quicksort,"[2, 5, 3, 4, 0, 1]",11
shaker sort,"[2, 5, 3, 4, 0, 1]",15
heapsort,"[2, 5, 3, 4, 0, 1]",16
mergesort,"[2, 5, 3, 4, 1, 0]",10
quicksort,"[2, 5, 3, 4, 1, 0]",12
shaker sort,"[2, 5, 3, 4, 1, 0]",15
heapsort,"[2, 5, 3, 4, 1, 0]",16
mergesort,"[2, 5, 4, 0, 1, 3]",8
quicksort,"[2, 5, 4, 0, 1, 3]",8
shaker sort,"[2, 5, 4, 0, 1, 3]",15
heapsort,"[2, 5, 4, 0, 1, 3]",14
mergesort,"[2, 5, 4, 0, 3, 1]",8
quicksort,"[2, 5, 4, 0, 3, 1]",10
shaker sort,"[2, 5, 4, 0, 3, 1]",15
heapsort,"[2, 5, 4, 0, 3, 1]",15
mergesort,"[2, 5, 4, 1, 0, 3]",9
quicksort,"[2, 5, 4, 1, 0, 3]",9
shaker sort,"[2, 5, 4, 1, 0, 3]",15
heapsort,"[2, 5, 4, 1, 0, 3]",14
mergesort,"[2, 5, 4, 1, 3, 0]",9
quicksort,"[2, 5, 4, 1, 3, 0]",11
shaker sort,"[2, 5, 4, 1, 3, 0]",15
heapsort,"[2, 5, 4, 1, 3, 0]",15
mergesort,"[2, 5, 4, 3, 0, 1]",9
quicksort,"[2, 5, 4, 3, 0, 1]",11
shaker sort,"[2, 5, 4, 3, 0, 1]",15
heapsort,"[2, 5, 4, 3, 0, 1]",15
mergesort,"[2, 5, 4, 3, 1, 0]",9
quicksort,"[2, 5, 4, 3, 1, 0]",11
shaker sort,"[2, 5, 4, 3, 1, 0]",15
heapsort,"[2, 5, 4, 3, 1, 0]",15
mergesort,"[3, 0, 1, 2, 4, 5]",9
quicksort,"[3, 0, 1, 2, 4, 5]",13
shaker sort,"[3, 0, 1, 2, 4, 5]",9
heapsort,"[3, 0, 1, 2, 4, 5]",15
mergesort,"[3, 0, 1, 2, 5, 4]",9
quicksort,"[3, 0, 1, 2, 5, 4]",9
shaker sort,"[3, 0, 1, 2, 5, 4]",9
heapsort,"[3, 0, 1, 2, 5, 4]",15
mergesort,"[3, 0, 1, 4, 2, 5]",10
quicksort,"[3, 0, 1, 4, 2, 5]",11
shaker sort,"[3, 0, 1, 4, 2, 5]",12
heapsort,"[3, 0, 1, 4, 2, 5]",15
mergesort,"[3, 0, 1, 4, 5, 2]",10
quicksort,"[3, 0, 1, 4, 5, 2]",9
shaker sort,"[3, 0, 1, 4, 5, 2]",12
heapsort,"[3, 0, 1, 4, 5, 2]",17
mergesort,"[3, 0, 1, 5, 2, 4]",10
quicksort,"[3, 0, 1, 5, 2, 4]",9
shaker sort,"[3, 0, 1, 5, 2, 4]",12
heapsort,"[3, 0, 1, 5, 2, 4]",15
mergesort,"[3, 0, 1, 5, 4, 2]",10
quicksort,"[3, 0, 1, 5, 4, 2]",9
shaker sort,"[3, 0, 1, 5, 4, 2]",12
heapsort,"[3, 0, 1, 5, 4, 2]",17
mergesort,"[3, 0, 2, 1, 4, 5]",9
quicksort,"[3, 0, 2, 1, 4, 5]",13
shaker sort,"[3, 0, 2, 1, 4, 5]",12
heapsort,"[3, 0, 2, 1, 4, 5]",15
mergesort,"[3, 0, 2, 1, 5, 4]",9
quicksort,"[3, 0, 2, 1, 5, 4]",9
shaker sort,"[3, 0, 2, 1, 5, 4]",12
heapsort,"[3, 0, 2, 1, 5, 4]",15
mergesort,"[3, 0, 2, 4, 1, 5]",10
quicksort,"[3, 0, 2, 4, 1, 5]",11
shaker sort,"[3, 0, 2, 4, 1, 5]",12
heapsort,"[3, 0, 2, 4, 1, 5]",15
mergesort,"[3, 0, 2, 4, 5, 1]",10
quicksort,"[3, 0, 2, 4, 5, 1]",9
shaker sort,"[3, 0, 2, 4, 5, 1]",12
heapsort,"[3, 0, 2, 4, 5, 1]",17
mergesort,"[3, 0, 2, 5, 1, 4]",10
quicksort,"[3, 0, 2, 5, 1, 4]",9
shaker sort,"[3, 0, 2, 5, 1, 4]",12
heapsort,"[3, 0, 2, 5, 1, 4]",15
mergesort,"[3, 0, 2, 5, 4, 1]",10
quicksort,"[3, 0, 2, 5, 4, 1]",9
shaker sort,"[3, 0, 2, 5, 4, 1]",12
heapsort,"[3, 0, 2, 5, 4, 1]",17
mergesort,"[3, 0, 4, 1, 2, 5]",10
quicksort,"[3, 0, 4, 1, 2, 5]",11
shaker sort,"[3, 0, 4, 1, 2, 5]",14
heapsort,"[3, 0, 4, 1, 2, 5]",13
mergesort,"[3, 0, 4, 1, 5, 2]",10
quicksort,"[3, 0, 4, 1, 5, 2]",8
shaker sort,"[3, 0, 4, 1, 5, 2]",14
heapsort,"[3, 0, 4, 1, 5, 2]",15
mergesort,"[3, 0, 4, 2, 1, 5]",11
quicksort,"[3, 0, 4, 2, 1, 5]",11
shaker sort,"[3, 0, 4, 2, 1, 5]",14
heapsort,"[3, 0, 4, 2, 1, 5]",13
mergesort,"[3, 0, 4, 2, 5, 1]",11
quicksort,"[3, 0, 4, 2, 5, 1]",9
shaker sort,"[3, 0, 4, 2, 5, 1]",14
heapsort,"[3, 0, 4, 2, 5, 1]",15
mergesort,"[3, 0, 4, 5, 1, 2]",11
quicksort,"[3, 0, 4, 5, 1, 2]",8
shaker sort,"[3, 0, 4, 5, 1, 2]",15
heapsort,"[3, 0, 4, 5, 1, 2]",15
mergesort,"[3, 0, 4, 5, 2, 1]",11
quicksort,"[3, 0, 4, 5, 2, 1]",9
shaker sort,"[3, 0, 4, 5, 2, 1]",15
heapsort,"[3, 0, 4, 5, 2, 1]",15
mergesort,"[3, 0, 5, 1, 2, 4]",10
quicksort,"[3, 0, 5, 1, 2, 4]",9
shaker sort,"[3, 0, 5, 1, 2, 4]",14
heapsort,"[3, 0, 5, 1, 2, 4]",13
mergesort,"[3, 0, 5, 1, 4, 2]",10
quicksort,"[3, 0, 5, 1, 4, 2]",9
shaker sort,"[3, 0, 5, 1, 4, 2]",14
heapsort,"[3, 0, 5, 1, 4, 2]",15
mergesort,"[3, 0, 5, 2, 1, 4]",11
quicksort,"[3, 0, 5, 2, 1, 4]",9
shaker sort,"[3, 0, 5, 2, 1, 4]",14
heapsort,"[3, 0, 5, 2, 1, 4]",13
mergesort,"[3, 0, 5, 2, 4, 1]",11
quicksort,"[3, 0, 5, 2, 4, 1]",9
shaker sort,"[3, 0, 5, 2, 4, 1]",14
heapsort,"[3, 0, 5, 2, 4, 1]",15
mergesort,"[3, 0, 5, 4, 1, 2]",11
quicksort,"[3, 0, 5, 4, 1, 2]",9
shaker sort,"[3, 0, 5, 4, 1, 2]",15
heapsort,"[3, 0, 5, 4, 1, 2]",15
mergesort,"[3, 0, 5, 4, 2, 1]",11
quicksort,"[3, 0, 5, 4, 2, 1]",9
shaker sort,"[3, 0, 5, 4, 2, 1]",15
heapsort,"[3, 0, 5, 4, 2, 1]",15
mergesort,"[3, 1, 0, 2, 4, 5]",9
quicksort,"[3, 1, 0, 2, 4, 5]",13
shaker sort,"[3, 1, 0, 2, 4, 5]",12
heapsort,"[3, 1, 0, 2, 4, 5]",15
mergesort,"[3, 1, 0, 2, 5, 4]",9
quicksort,"[3, 1, 0, 2, 5, 4]",9
shaker sort,"[3, 1, 0, 2, 5, 4]",12
heapsort,"[3, 1, 0, 2, 5, 4]",15
mergesort,"[3, 1, 0, 4, 2, 5]",10
quicksort,"[3, 1, 0, 4, 2, 5]",11
shaker sort,"[3, 1, 0, 4, 2, 5]",12
heapsort,"[3, 1, 0, 4, 2, 5]",15
mergesort,"[3, 1, 0, 4, 5, 2]",10
quicksort,"[3, 1, 0, 4, 5, 2]",9
shaker sort,"[3, 1, 0, 4, 5, 2]",12
heapsort,"[3, 1, 0, 4, 5, 2]",17
mergesort,"[3, 1, 0, 5, 2, 4]",10
quicksort,"[3, 1, 0, 5, 2, 4]",9
shaker sort,"[3, 1, 0, 5, 2, 4]",12
heapsort,"[3, 1, 0, 5, 2, 4]",15
mergesort,"[3, 1, 0, 5, 4, 2]",10
quicksort,"[3, 1, 0, 5, 4, 2]",9
shaker sort,"[3, 1, 0, 5, 4, 2]",12
heapsort,"[3, 1, 0, 5, 4, 2]",17
mergesort,"[3, 1, 2, 0, 4, 5]",9
quicksort,"[3, 1, 2, 0, 4, 5]",15
shaker sort,"[3, 1, 2, 0, 4, 5]",12
heapsort,"[3, 1, 2, 0, 4, 5]",15
mergesort,"[3, 1, 2, 0, 5, 4]",9
quicksort,"[3, 1, 2, 0, 5, 4]",11
shaker sort,"[3, 1, 2, 0, 5, 4]",12
heapsort,"[3, 1, 2, 0, 5, 4]",15
mergesort,"[3, 1, 2, 4, 0, 5]",10
quicksort,"[3, 1, 2, 4, 0, 5]",13
shaker sort,"[3, 1, 2, 4, 0, 5]",12
heapsort,"[3, 1, 2, 4, 0, 5]",15
mergesort,"[3, 1, 2, 4, 5, 0]",10
quicksort,"[3, 1, 2, 4, 5, 0]",11
shaker sort,"[3, 1, 2, 4, 5, 0]",12
heapsort,"[3, 1, 2, 4, 5, 0]",17
mergesort,"[3, 1, 2, 5, 0, 4]",10
quicksort,"[3, 1, 2, 5, 0, 4]",11
shaker sort,"[3, 1, 2, 5, 0, 4]",12
heapsort,"[3, 1, 2, 5, 0, 4]",15
mergesort,"[3, 1, 2, 5, 4, 0]",10
quicksort,"[3, 1, 2, 5, 4, 0]",11
shaker sort,"[3, 1, 2, 5, 4, 0]",12
heapsort,"[3, 1, 2, 5, 4, 0]",17
mergesort,"[3, 1, 4, 0, 2, 5]",10
quicksort,"[3, 1, 4, 0, 2, 5]",11
shaker sort,"[3, 1, 4, 0, 2, 5]",14
heapsort,"[3, 1, 4, 0, 2, 5]",13
mergesort,"[3, 1, 4, 0, 5, 2]",10
quicksort,"[3, 1, 4, 0, 5, 2]",8
shaker sort,"[3, 1, 4, 0, 5, 2]",14
heapsort,"[3, 1, 4, 0, 5, 2]",15
mergesort,"[3, 1, 4, 2, 0, 5]",11
quicksort,"[3, 1, 4, 2, 0, 5]",13
shaker sort,"[3, 1, 4, 2, 0, 5]",14
heapsort,"[3, 1, 4, 2, 0, 5]",13
mergesort,"[3, 1, 4, 2, 5, 0]",11
quicksort,"[3, 1, 4, 2, 5, 0]",11
shaker sort,"[3, 1, 4, 2, 5, 0]",14
heapsort,"[3, 1, 4, 2, 5, 0]",15
mergesort,"[3, 1, 4, 5, 0, 2]",11
quicksort,"[3, 1, 4, 5, 0, 2]",8
shaker sort,"[3, 1, 4, 5, 0, 2]",15
heapsort,"[3, 1, 4, 5, 0, 2]",15
mergesort,"[3, 1, 4, 5, 2, 0]",11
quicksort,"[3, 1, 4, 5, 2, 0]",11
shaker sort,"[3, 1, 4, 5, 2, 0]",15
heapsort,"[3, 1, 4, 5, 2, 0]",15
mergesort,"[3, 1, 5, 0, 2, 4]",10
quicksort,"[3, 1, 5, 0, 2, 4]",9
shaker sort,"[3, 1, 5, 0, 2, 4]",14
heapsort,"[3, 1, 5, 0, 2, 4]",13
mergesort,"[3, 1, 5, 0, 4, 2]",10
quicksort,"[3, 1, 5, 0, 4, 2]",9
shaker sort,"[3, 1, 5, 0, 4, 2]",14
heapsort,"[3, 1, 5, 0, 4, 2]",15
mergesort,"[3, 1, 5, 2, 0, 4]",11
quicksort,"[3, 1, 5, 2, 0, 4]",11
shaker sort,"[3, 1, 5, 2, 0, 4]",14
heapsort,"[3, 1, 5, 2, 0, 4]",13
mergesort,"[3, 1, 5, 2, 4, 0]",11
quicksort,"[3, 1, 5, 2, 4, 0]",11
shaker sort,"[3, 1, 5, 2, 4, 0]",14
heapsort,"[3, 1, 5, 2, 4, 0]",15
mergesort,"[3, 1, 5, 4, 0, 2]",11
quicksort,"[3, 1, 5, 4, 0, 2]",9
shaker sort,"[3, 1, 5, 4, 0, 2]",15
heapsort,"[3, 1, 5, 4, 0, 2]",15
mergesort,"[3, 1, 5, 4, 2, 0]",11
quicksort,"[3, 1, 5, 4, 2, 0]",11
shaker sort,"[3, 1, 5, 4, 2, 0]",15
heapsort,"[3, 1, 5, 4, 2, 0]",15
mergesort,"[3, 2, 0, 1, 4, 5]",9
quicksort,"[3, 2, 0, 1, 4, 5]",13
shaker sort,"[3, 2, 0, 1, 4, 5]",14
heapsort,"[3, 2, 0, 1, 4, 5]",15
mergesort,"[3, 2, 0, 1, 5, 4]",9
quicksort,"[3, 2, 0, 1, 5, 4]",9
shaker sort,"[3, 2, 0, 1, 5, 4]",14
heapsort,"[3, 2, 0, 1, 5, 4]",15
mergesort,"[3, 2, 0, 4, 1, 5]",10
quicksort,"[3, 2, 0, 4, 1, 5]",12
shaker sort,"[3, 2, 0, 4, 1, 5]",14
heapsort,"[3, 2, 0, 4, 1, 5]",15
mergesort,"[3, 2, 0, 4, 5, 1]",10
quicksort,"[3, 2, 0, 4, 5, 1]",11
shaker sort,"[3, 2, 0, 4, 5, 1]",14
heapsort,"[3, 2, 0, 4, 5, 1]",17
mergesort,"[3, 2, 0, 5, 1, 4]",10
quicksort,"[3, 2, 0, 5, 1, 4]",9
shaker sort,"[3, 2, 0, 5, 1, 4]",14
heapsort,"[3, 2, 0, 5, 1, 4]",15
mergesort,"[3, 2, 0, 5, 4, 1]",10
quicksort,"[3, 2, 0, 5, 4, 1]",11
shaker sort,"[3, 2, 0, 5, 4, 1]",14
heapsort,"[3, 2, 0, 5, 4, 1]",17
mergesort,"[3, 2, 1, 0, 4, 5]",9
quicksort,"[3, 2, 1, 0, 4, 5]",15
shaker sort,"[3, 2, 1, 0, 4, 5]",14
heapsort,"[3, 2, 1, 0, 4, 5]",15
mergesort,"[3, 2, 1, 0, 5, 4]",9
quicksort,"[3, 2, 1, 0, 5, 4]",11
shaker sort,"[3, 2, 1, 0, 5, 4]",14
heapsort,"[3, 2, 1, 0, 5, 4]",15
mergesort,"[3, 2, 1, 4, 0, 5]",10
quicksort,"[3, 2, 1, 4, 0, 5]",13
shaker sort,"[3, 2, 1, 4, 0, 5]",14
heapsort,"[3, 2, 1, 4, 0, 5]",15
mergesort,"[3, 2, 1, 4, 5, 0]",10
quicksort,"[3, 2, 1, 4, 5, 0]",11
shaker sort,"[3, 2, 1, 4, 5, 0]",14
heapsort,"[3, 2, 1, 4, 5, 0]",17
mergesort,"[3, 2, 1, 5, 0, 4]",10
quicksort,"[3, 2, 1, 5, 0, 4]",11
shaker sort,"[3, 2, 1, 5, 0, 4]",14
heapsort,"[3, 2, 1, 5, 0, 4]",15
mergesort,"[3, 2, 1, 5, 4, 0]",10
quicksort,"[3, 2, 1, 5, 4, 0]",11
shaker sort,"[3, 2, 1, 5, 4, 0]",14
heapsort,"[3, 2, 1, 5, 4, 0]",17
mergesort,"[3, 2, 4, 0, 1, 5]",10
quicksort,"[3, 2, 4, 0, 1, 5]",12
shaker sort,"[3, 2, 4, 0, 1, 5]",15
heapsort,"[3, 2, 4, 0, 1, 5]",13
mergesort,"[3, 2, 4, 0, 5, 1]",10
quicksort,"[3, 2, 4, 0, 5, 1]",10
shaker sort,"[3, 2, 4, 0, 5, 1]",15
heapsort,"[3, 2, 4, 0, 5, 1]",15
mergesort,"[3, 2, 4, 1, 0, 5]",11
quicksort,"[3, 2, 4, 1, 0, 5]",13
shaker sort,"[3, 2, 4, 1, 0, 5]",15
heapsort,"[3, 2, 4, 1, 0, 5]",13
mergesort,"[3, 2, 4, 1, 5, 0]",11
quicksort,"[3, 2, 4, 1, 5, 0]",11
shaker sort,"[3, 2, 4, 1, 5, 0]",15
heapsort,"[3, 2, 4, 1, 5, 0]",15
mergesort,"[3, 2, 4, 5, 0, 1]",11
quicksort,"[3, 2, 4, 5, 0, 1]",10
shaker sort,"[3, 2, 4, 5, 0, 1]",15
heapsort,"[3, 2, 4, 5, 0, 1]",15
mergesort,"[3, 2, 4, 5, 1, 0]",11
quicksort,"[3, 2, 4, 5, 1, 0]",11
shaker sort,"[3, 2, 4, 5, 1, 0]",15
heapsort,"[3, 2, 4, 5, 1, 0]",15
mergesort,"[3, 2, 5, 0, 1, 4]",10
quicksort,"[3, 2, 5, 0, 1, 4]",9
shaker sort,"[3, 2, 5, 0, 1, 4]",15
heapsort,"[3, 2, 5, 0, 1, 4]",13
mergesort,"[3, 2, 5, 0, 4, 1]",10
quicksort,"[3, 2, 5, 0, 4, 1]",11
shaker sort,"[3, 2, 5, 0, 4, 1]",15
heapsort,"[3, 2, 5, 0, 4, 1]",15
mergesort,"[3, 2, 5, 1, 0, 4]",11
quicksort,"[3, 2, 5, 1, 0, 4]",11
shaker sort,"[3, 2, 5, 1, 0, 4]",15
heapsort,"[3, 2, 5, 1, 0, 4]",13
mergesort,"[3, 2, 5, 1, 4, 0]",11
quicksort,"[3, 2, 5, 1, 4, 0]",11
shaker sort,"[3, 2, 5, 1, 4, 0]",15
heapsort,"[3, 2, 5, 1, 4, 0]",15
mergesort,"[3, 2, 5, 4, 0, 1]",11
quicksort,"[3, 2, 5, 4, 0, 1]",11
shaker sort,"[3, 2, 5, 4, 0, 1]",15
heapsort,"[3, 2, 5, 4, 0, 1]",15
mergesort,"[3, 2, 5, 4, 1, 0]",11
quicksort,"[3, 2, 5, 4, 1, 0]",11
shaker sort,"[3, 2, 5, 4, 1, 0]",15
heapsort,"[3, 2, 5, 4, 1, 0]",15
mergesort,"[3, 4, 0, 1, 2, 5]",10
quicksort,"[3, 4, 0, 1, 2, 5]",11
shaker sort,"[3, 4, 0, 1, 2, 5]",14
heapsort,"[3, 4, 0, 1, 2, 5]",15
mergesort,"[3, 4, 0, 1, 5, 2]",10
quicksort,"[3, 4, 0, 1, 5, 2]",9
shaker sort,"[3, 4, 0, 1, 5, 2]",14
heapsort,"[3, 4, 0, 1, 5, 2]",17
mergesort,"[3, 4, 0, 2, 1, 5]",11
quicksort,"[3, 4, 0, 2, 1, 5]",12
shaker sort,"[3, 4, 0, 2, 1, 5]",14
heapsort,"[3, 4, 0, 2, 1, 5]",15
mergesort,"[3, 4, 0, 2, 5, 1]",11
quicksort,"[3, 4, 0, 2, 5, 1]",9
shaker sort,"[3, 4, 0, 2, 5, 1]",14
heapsort,"[3, 4, 0, 2, 5, 1]",17
mergesort,"[3, 4, 0, 5, 1, 2]",11
quicksort,"[3, 4, 0, 5, 1, 2]",9
shaker sort,"[3, 4, 0, 5, 1, 2]",15
heapsort,"[3, 4, 0, 5, 1, 2]",17
mergesort,"[3, 4, 0, 5, 2, 1]",11
quicksort,"[3, 4, 0, 5, 2, 1]",9
shaker sort,"[3, 4, 0, 5, 2, 1]",15
heapsort,"[3, 4, 0, 5, 2, 1]",17
mergesort,"[3, 4, 1, 0, 2, 5]",10
quicksort,"[3, 4, 1, 0, 2, 5]",11
shaker sort,"[3, 4, 1, 0, 2, 5]",14
heapsort,"[3, 4, 1, 0, 2, 5]",15
mergesort,"[3, 4, 1, 0, 5, 2]",10
quicksort,"[3, 4, 1, 0, 5, 2]",9
shaker sort,"[3, 4, 1, 0, 5, 2]",14
heapsort,"[3, 4, 1, 0, 5, 2]",17
mergesort,"[3, 4, 1, 2, 0, 5]",11
quicksort,"[3, 4, 1, 2, 0, 5]",13
shaker sort,"[3, 4, 1, 2, 0, 5]",14
heapsort,"[3, 4, 1, 2, 0, 5]",15
mergesort,"[3, 4, 1, 2, 5, 0]",11
quicksort,"[3, 4, 1, 2, 5, 0]",11
shaker sort,"[3, 4, 1, 2, 5, 0]",14
heapsort,"[3, 4, 1, 2, 5, 0]",17
mergesort,"[3, 4, 1, 5, 0, 2]",11
quicksort,"[3, 4, 1, 5, 0, 2]",9
shaker sort,"[3, 4, 1, 5, 0, 2]",15
heapsort,"[3, 4, 1, 5, 0, 2]",17
mergesort,"[3, 4, 1, 5, 2, 0]",11
quicksort,"[3, 4, 1, 5, 2, 0]",11
shaker sort,"[3, 4, 1, 5, 2, 0]",15
heapsort,"[3, 4, 1, 5, 2, 0]",17
mergesort,"[3, 4, 2, 0, 1, 5]",10
quicksort,"[3, 4, 2, 0, 1, 5]",12
shaker sort,"[3, 4, 2, 0, 1, 5]",15
heapsort,"[3, 4, 2, 0, 1, 5]",15
mergesort,"[3, 4, 2, 0, 5, 1]",10
quicksort,"[3, 4, 2, 0, 5, 1]",9
shaker sort,"[3, 4, 2, 0, 5, 1]",15
heapsort,"[3, 4, 2, 0, 5, 1]",17
mergesort,"[3, 4, 2, 1, 0, 5]",11
quicksort,"[3, 4, 2, 1, 0, 5]",13
shaker sort,"[3, 4, 2, 1, 0, 5]",15
heapsort,"[3, 4, 2, 1, 0, 5]",15
mergesort,"[3, 4, 2, 1, 5, 0]",11
quicksort,"[3, 4, 2, 1, 5, 0]",11
shaker sort,"[3, 4, 2, 1, 5, 0]",15
heapsort,"[3, 4, 2, 1, 5, 0]",17
mergesort,"[3, 4, 2, 5, 0, 1]",11
quicksort,"[3, 4, 2, 5, 0, 1]",9
shaker sort,"[3, 4, 2, 5, 0, 1]",15
heapsort,"[3, 4, 2, 5, 0, 1]",17
mergesort,"[3, 4, 2, 5, 1, 0]",11
quicksort,"[3, 4, 2, 5, 1, 0]",11
shaker sort,"[3, 4, 2, 5, 1, 0]",15
heapsort,"[3, 4, 2, 5, 1, 0]",17
mergesort,"[3, 4, 5, 0, 1, 2]",7
quicksort,"[3, 4, 5, 0, 1, 2]",9
shaker sort,"[3, 4, 5, 0, 1, 2]",15
heapsort,"[3, 4, 5, 0, 1, 2]",15
mergesort,"[3, 4, 5, 0, 2, 1]",7
quicksort,"[3, 4, 5, 0, 2, 1]",9
shaker sort,"[3, 4, 5, 0, 2, 1]",15
heapsort,"[3, 4, 5, 0, 2, 1]",15
mergesort,"[3, 4, 5, 1, 0, 2]",8
quicksort,"[3, 4, 5, 1, 0, 2]",9
shaker sort,"[3, 4, 5, 1, 0, 2]",15
heapsort,"[3, 4, 5, 1, 0, 2]",15
mergesort,"[3, 4, 5, 1, 2, 0]",8
quicksort,"[3, 4, 5, 1, 2, 0]",11
shaker sort,"[3, 4, 5, 1, 2, 0]",15
heapsort,"[3, 4, 5, 1, 2, 0]",15
mergesort,"[3, 4, 5, 2, 0, 1]",8
quicksort,"[3, 4, 5, 2, 0, 1]",9
shaker sort,"[3, 4, 5, 2, 0, 1]",15
heapsort,"[3, 4, 5, 2, 0, 1]",15
mergesort,"[3, 4, 5, 2, 1, 0]",8
quicksort,"[3, 4, 5, 2, 1, 0]",11
shaker sort,"[3, 4, 5, 2, 1, 0]",15
heapsort,"[3, 4, 5, 2, 1, 0]",15
mergesort,"[3, 5, 0, 1, 2, 4]",10
quicksort,"[3, 5, 0, 1, 2, 4]",9
shaker sort,"[3, 5, 0, 1, 2, 4]",14
heapsort,"[3, 5, 0, 1, 2, 4]",15
mergesort,"[3, 5, 0, 1, 4, 2]",10
quicksort,"[3, 5, 0, 1, 4, 2]",9
shaker sort,"[3, 5, 0, 1, 4, 2]",14
heapsort,"[3, 5, 0, 1, 4, 2]",17
mergesort,"[3, 5, 0, 2, 1, 4]",11
quicksort,"[3, 5, 0, 2, 1, 4]",9
shaker sort,"[3, 5, 0, 2, 1, 4]",14
heapsort,"[3, 5, 0, 2, 1, 4]",15
mergesort,"[3, 5, 0, 2, 4, 1]",11
quicksort,"[3, 5, 0, 2, 4, 1]",11
shaker sort,"[3, 5, 0, 2, 4, 1]",14
heapsort,"[3, 5, 0, 2, 4, 1]",17
mergesort,"[3, 5, 0, 4, 1, 2]",11
quicksort,"[3, 5, 0, 4, 1, 2]",9
shaker sort,"[3, 5, 0, 4, 1, 2]",15
heapsort,"[3, 5, 0, 4, 1, 2]",17
mergesort,"[3, 5, 0, 4, 2, 1]",11
quicksort,"[3, 5, 0, 4, 2, 1]",11
shaker sort,"[3, 5, 0, 4, 2, 1]",15
heapsort,"[3, 5, 0, 4, 2, 1]",17
mergesort,"[3, 5, 1, 0, 2, 4]",10
quicksort,"[3, 5, 1, 0, 2, 4]",9
shaker sort,"[3, 5, 1, 0, 2, 4]",14
heapsort,"[3, 5, 1, 0, 2, 4]",15
mergesort,"[3, 5, 1, 0, 4, 2]",10
quicksort,"[3, 5, 1, 0, 4, 2]",9
shaker sort,"[3, 5, 1, 0, 4, 2]",14
heapsort,"[3, 5, 1, 0, 4, 2]",17
mergesort,"[3, 5, 1, 2, 0, 4]",11
quicksort,"[3, 5, 1, 2, 0, 4]",11
shaker sort,"[3, 5, 1, 2, 0, 4]",14
heapsort,"[3, 5, 1, 2, 0, 4]",15
mergesort,"[3, 5, 1, 2, 4, 0]",11
quicksort,"[3, 5, 1, 2, 4, 0]",11
shaker sort,"[3, 5, 1, 2, 4, 0]",14
heapsort,"[3, 5, 1, 2, 4, 0]",17
mergesort,"[3, 5, 1, 4, 0, 2]",11
quicksort,"[3, 5, 1, 4, 0, 2]",9
shaker sort,"[3, 5, 1, 4, 0, 2]",15
heapsort,"[3, 5, 1, 4, 0, 2]",17
mergesort,"[3, 5, 1, 4, 2, 0]",11
quicksort,"[3, 5, 1, 4, 2, 0]",11
shaker sort,"[3, 5, 1, 4, 2, 0]",15
heapsort,"[3, 5, 1, 4, 2, 0]",17
mergesort,"[3, 5, 2, 0, 1, 4]",10
quicksort,"[3, 5, 2, 0, 1, 4]",9
shaker sort,"[3, 5, 2, 0, 1, 4]",15
heapsort,"[3, 5, 2, 0, 1, 4]",15
mergesort,"[3, 5, 2, 0, 4, 1]",10
quicksort,"[3, 5, 2, 0, 4, 1]",11
shaker sort,"[3, 5, 2, 0, 4, 1]",15
heapsort,"[3, 5, 2, 0, 4, 1]",17
mergesort,"[3, 5, 2, 1, 0, 4]",11
quicksort,"[3, 5, 2, 1, 0, 4]",11
shaker sort,"[3, 5, 2, 1, 0, 4]",15
heapsort,"[3, 5, 2, 1, 0, 4]",15
mergesort,"[3, 5, 2, 1, 4, 0]",11
quicksort,"[3, 5, 2, 1, 4, 0]",11
shaker sort,"[3, 5, 2, 1, 4, 0]",15
heapsort,"[3, 5, 2, 1, 4, 0]",17
mergesort,"[3, 5, 2, 4, 0, 1]",11
quicksort,"[3, 5, 2, 4, 0, 1]",10
shaker sort,"[3, 5, 2, 4, 0, 1]",15
heapsort,"[3, 5, 2, 4, 0, 1]",17
mergesort,"[3, 5, 2, 4, 1, 0]",11
quicksort,"[3, 5, 2, 4, 1, 0]",11
shaker sort,"[3, 5, 2, 4, 1, 0]",15
heapsort,"[3, 5, 2, 4, 1, 0]",17
mergesort,"[3, 5, 4, 0, 1, 2]",7
quicksort,"[3, 5, 4, 0, 1, 2]",8
shaker sort,"[3, 5, 4, 0, 1, 2]",15
heapsort,"[3, 5, 4, 0, 1, 2]",15
mergesort,"[3, 5, 4, 0, 2, 1]",7
quicksort,"[3, 5, 4, 0, 2, 1]",11
shaker sort,"[3, 5, 4, 0, 2, 1]",15
heapsort,"[3, 5, 4, 0, 2, 1]",15
mergesort,"[3, 5, 4, 1, 0, 2]",8
quicksort,"[3, 5, 4, 1, 0, 2]",8
shaker sort,"[3, 5, 4, 1, 0, 2]",15
heapsort,"[3, 5, 4, 1, 0, 2]",15
mergesort,"[3, 5, 4, 1, 2, 0]",8
quicksort,"[3, 5, 4, 1, 2, 0]",11
shaker sort,"[3, 5, 4, 1, 2, 0]",15
heapsort,"[3, 5, 4, 1, 2, 0]",15
mergesort,"[3, 5, 4, 2, 0, 1]",8
quicksort,"[3, 5, 4, 2, 0, 1]",10
shaker sort,"[3, 5, 4, 2, 0, 1]",15
heapsort,"[3, 5, 4, 2, 0, 1]",15
mergesort,"[3, 5, 4, 2, 1, 0]",8
quicksort,"[3, 5, 4, 2, 1, 0]",11
shaker sort,"[3, 5, 4, 2, 1, 0]",15
heapsort,"[3, 5, 4, 2, 1, 0]",15
mergesort,"[4, 0, 1, 2, 3, 5]",10
quicksort,"[4, 0, 1, 2, 3, 5]",12
shaker sort,"[4, 0, 1, 2, 3, 5]",9
heapsort,"[4, 0, 1, 2, 3, 5]",14
mergesort,"[4, 0, 1, 2, 5, 3]",10
quicksort,"[4, 0, 1, 2, 5, 3]",9
shaker sort,"[4, 0, 1, 2, 5, 3]",12
heapsort,"[4, 0, 1, 2, 5, 3]",16
mergesort,"[4, 0, 1, 3, 2, 5]",11
quicksort,"[4, 0, 1, 3, 2, 5]",11
shaker sort,"[4, 0, 1, 3, 2, 5]",12
heapsort,"[4, 0, 1, 3, 2, 5]",14
mergesort,"[4, 0, 1, 3, 5, 2]",11
quicksort,"[4, 0, 1, 3, 5, 2]",8
shaker sort,"[4, 0, 1, 3, 5, 2]",12
heapsort,"[4, 0, 1, 3, 5, 2]",17
mergesort,"[4, 0, 1, 5, 2, 3]",11
quicksort,"[4, 0, 1, 5, 2, 3]",9
shaker sort,"[4, 0, 1, 5, 2, 3]",14
heapsort,"[4, 0, 1, 5, 2, 3]",16
mergesort,"[4, 0, 1, 5, 3, 2]",11
quicksort,"[4, 0, 1, 5, 3, 2]",8
shaker sort,"[4, 0, 1, 5, 3, 2]",14
heapsort,"[4, 0, 1, 5, 3, 2]",17
mergesort,"[4, 0, 2, 1, 3, 5]",10
quicksort,"[4, 0, 2, 1, 3, 5]",11
shaker sort,"[4, 0, 2, 1, 3, 5]",12
heapsort,"[4, 0, 2, 1, 3, 5]",14
mergesort,"[4, 0, 2, 1, 5, 3]",10
quicksort,"[4, 0, 2, 1, 5, 3]",8
shaker sort,"[4, 0, 2, 1, 5, 3]",12
heapsort,"[4, 0, 2, 1, 5, 3]",16
mergesort,"[4, 0, 2, 3, 1, 5]",11
quicksort,"[4, 0, 2, 3, 1, 5]",12
shaker sort,"[4, 0, 2, 3, 1, 5]",12
heapsort,"[4, 0, 2, 3, 1, 5]",14
mergesort,"[4, 0, 2, 3, 5, 1]",11
quicksort,"[4, 0, 2, 3, 5, 1]",9
shaker sort,"[4, 0, 2, 3, 5, 1]",12
heapsort,"[4, 0, 2, 3, 5, 1]",17
mergesort,"[4, 0, 2, 5, 1, 3]",11
quicksort,"[4, 0, 2, 5, 1, 3]",8
shaker sort,"[4, 0, 2, 5, 1, 3]",14
heapsort,"[4, 0, 2, 5, 1, 3]",16
mergesort,"[4, 0, 2, 5, 3, 1]",11
quicksort,"[4, 0, 2, 5, 3, 1]",9
shaker sort,"[4, 0, 2, 5, 3, 1]",14
heapsort,"[4, 0, 2, 5, 3, 1]",17
mergesort,"[4, 0, 3, 1, 2, 5]",10
quicksort,"[4, 0, 3, 1, 2, 5]",11
shaker sort,"[4, 0, 3, 1, 2, 5]",14
heapsort,"[4, 0, 3, 1, 2, 5]",13
mergesort,"[4, 0, 3, 1, 5, 2]",10
quicksort,"[4, 0, 3, 1, 5, 2]",9
shaker sort,"[4, 0, 3, 1, 5, 2]",14
heapsort,"[4, 0, 3, 1, 5, 2]",16
mergesort,"[4, 0, 3, 2, 1, 5]",11
quicksort,"[4, 0, 3, 2, 1, 5]",12
shaker sort,"[4, 0, 3, 2, 1, 5]",14
heapsort,"[4, 0, 3, 2, 1, 5]",13
mergesort,"[4, 0, 3, 2, 5, 1]",11
quicksort,"[4, 0, 3, 2, 5, 1]",9
shaker sort,"[4, 0, 3, 2, 5, 1]",14
heapsort,"[4, 0, 3, 2, 5, 1]",16
mergesort,"[4, 0, 3, 5, 1, 2]",11
quicksort,"[4, 0, 3, 5, 1, 2]",9
shaker sort,"[4, 0, 3, 5, 1, 2]",15
heapsort,"[4, 0, 3, 5, 1, 2]",16
mergesort,"[4, 0, 3, 5, 2, 1]",11
quicksort,"[4, 0, 3, 5, 2, 1]",9
shaker sort,"[4, 0, 3, 5, 2, 1]",15
heapsort,"[4, 0, 3, 5, 2, 1]",16
mergesort,"[4, 0, 5, 1, 2, 3]",9
quicksort,"[4, 0, 5, 1, 2, 3]",9
shaker sort,"[4, 0, 5, 1, 2, 3]",14
heapsort,"[4, 0, 5, 1, 2, 3]",13
mergesort,"[4, 0, 5, 1, 3, 2]",9
quicksort,"[4, 0, 5, 1, 3, 2]",9
shaker sort,"[4, 0, 5, 1, 3, 2]",14
heapsort,"[4, 0, 5, 1, 3, 2]",14
mergesort,"[4, 0, 5, 2, 1, 3]",10
quicksort,"[4, 0, 5, 2, 1, 3]",8
shaker sort,"[4, 0, 5, 2, 1, 3]",14
heapsort,"[4, 0, 5, 2, 1, 3]",13
mergesort,"[4, 0, 5, 2, 3, 1]",10
quicksort,"[4, 0, 5, 2, 3, 1]",9
shaker sort,"[4, 0, 5, 2, 3, 1]",14
heapsort,"[4, 0, 5, 2, 3, 1]",14
mergesort,"[4, 0, 5, 3, 1, 2]",10
quicksort,"[4, 0, 5, 3, 1, 2]",9
shaker sort,"[4, 0, 5, 3, 1, 2]",15
heapsort,"[4, 0, 5, 3, 1, 2]",14
mergesort,"[4, 0, 5, 3, 2, 1]",10
quicksort,"[4, 0, 5, 3, 2, 1]",9
shaker sort,"[4, 0, 5, 3, 2, 1]",15
heapsort,"[4, 0, 5, 3, 2, 1]",14
mergesort,"[4, 1, 0, 2, 3, 5]",10
quicksort,"[4, 1, 0, 2, 3, 5]",12
shaker sort,"[4, 1, 0, 2, 3, 5]",12
heapsort,"[4, 1, 0, 2, 3, 5]",14
mergesort,"[4, 1, 0, 2, 5, 3]",10
quicksort,"[4, 1, 0, 2, 5, 3]",9
shaker sort,"[4, 1, 0, 2, 5, 3]",12
heapsort,"[4, 1, 0, 2, 5, 3]",16
mergesort,"[4, 1, 0, 3, 2, 5]",11
quicksort,"[4, 1, 0, 3, 2, 5]",11
shaker sort,"[4, 1, 0, 3, 2, 5]",12
heapsort,"[4, 1, 0, 3, 2, 5]",14
mergesort,"[4, 1, 0, 3, 5, 2]",11
quicksort,"[4, 1, 0, 3, 5, 2]",8
shaker sort,"[4, 1, 0, 3, 5, 2]",12
heapsort,"[4, 1, 0, 3, 5, 2]",17
mergesort,"[4, 1, 0, 5, 2, 3]",11
quicksort,"[4, 1, 0, 5, 2, 3]",9
shaker sort,"[4, 1, 0, 5, 2, 3]",14
heapsort,"[4, 1, 0, 5, 2, 3]",16
mergesort,"[4, 1, 0, 5, 3, 2]",11
quicksort,"[4, 1, 0, 5, 3, 2]",8
shaker sort,"[4, 1, 0, 5, 3, 2]",14
heapsort,"[4, 1, 0, 5, 3, 2]",17
mergesort,"[4, 1, 2, 0, 3, 5]",10
quicksort,"[4, 1, 2, 0, 3, 5]",12
shaker sort,"[4, 1, 2, 0, 3, 5]",12
heapsort,"[4, 1, 2, 0, 3, 5]",14
mergesort,"[4, 1, 2, 0, 5, 3]",10
quicksort,"[4, 1, 2, 0, 5, 3]",9
shaker sort,"[4, 1, 2, 0, 5, 3]",12
heapsort,"[4, 1, 2, 0, 5, 3]",16
mergesort,"[4, 1, 2, 3, 0, 5]",11
quicksort,"[4, 1, 2, 3, 0, 5]",15
shaker sort,"[4, 1, 2, 3, 0, 5]",12
heapsort,"[4, 1, 2, 3, 0, 5]",14
mergesort,"[4, 1, 2, 3, 5, 0]",11
quicksort,"[4, 1, 2, 3, 5, 0]",12
shaker sort,"[4, 1, 2, 3, 5, 0]",12
heapsort,"[4, 1, 2, 3, 5, 0]",17
mergesort,"[4, 1, 2, 5, 0, 3]",11
quicksort,"[4, 1, 2, 5, 0, 3]",9
shaker sort,"[4, 1, 2, 5, 0, 3]",14
heapsort,"[4, 1, 2, 5, 0, 3]",16
mergesort,"[4, 1, 2, 5, 3, 0]",11
quicksort,"[4, 1, 2, 5, 3, 0]",12
shaker sort,"[4, 1, 2, 5, 3, 0]",14
heapsort,"[4, 1, 2, 5, 3, 0]",17
mergesort,"[4, 1, 3, 0, 2, 5]",10
quicksort,"[4, 1, 3, 0, 2, 5]",11
shaker sort,"[4, 1, 3, 0, 2, 5]",14
heapsort,"[4, 1, 3, 0, 2, 5]",13
mergesort,"[4, 1, 3, 0, 5, 2]",10
quicksort,"[4, 1, 3, 0, 5, 2]",9
shaker sort,"[4, 1, 3, 0, 5, 2]",14
heapsort,"[4, 1, 3, 0, 5, 2]",16
mergesort,"[4, 1, 3, 2, 0, 5]",11
quicksort,"[4, 1, 3, 2, 0, 5]",14
shaker sort,"[4, 1, 3, 2, 0, 5]",14
heapsort,"[4, 1, 3, 2, 0, 5]",13
mergesort,"[4, 1, 3, 2, 5, 0]",11
quicksort,"[4, 1, 3, 2, 5, 0]",11
shaker sort,"[4, 1, 3, 2, 5, 0]",14
heapsort,"[4, 1, 3, 2, 5, 0]",16
mergesort,"[4, 1, 3, 5, 0, 2]",11
quicksort,"[4, 1, 3, 5, 0, 2]",9
shaker sort,"[4, 1, 3, 5, 0, 2]",15
heapsort,"[4, 1, 3, 5, 0, 2]",16
mergesort,"[4, 1, 3, 5, 2, 0]",11
quicksort,"[4, 1, 3, 5, 2, 0]",11
shaker sort,"[4, 1, 3, 5, 2, 0]",15
heapsort,"[4, 1, 3, 5, 2, 0]",16
mergesort,"[4, 1, 5, 0, 2, 3]",9
quicksort,"[4, 1, 5, 0, 2, 3]",9
shaker sort,"[4, 1, 5, 0, 2, 3]",14
heapsort,"[4, 1, 5, 0, 2, 3]",13
mergesort,"[4, 1, 5, 0, 3, 2]",9
quicksort,"[4, 1, 5, 0, 3, 2]",9
shaker sort,"[4, 1, 5, 0, 3, 2]",14
heapsort,"[4, 1, 5, 0, 3, 2]",14
mergesort,"[4, 1, 5, 2, 0, 3]",10
quicksort,"[4, 1, 5, 2, 0, 3]",9
shaker sort,"[4, 1, 5, 2, 0, 3]",14
heapsort,"[4, 1, 5, 2, 0, 3]",13
mergesort,"[4, 1, 5, 2, 3, 0]",10
quicksort,"[4, 1, 5, 2, 3, 0]",12
shaker sort,"[4, 1, 5, 2, 3, 0]",14
heapsort,"[4, 1, 5, 2, 3, 0]",14
mergesort,"[4, 1, 5, 3, 0, 2]",10
quicksort,"[4, 1, 5, 3, 0, 2]",9
shaker sort,"[4, 1, 5, 3, 0, 2]",15
heapsort,"[4, 1, 5, 3, 0, 2]",14
mergesort,"[4, 1, 5, 3, 2, 0]",10
quicksort,"[4, 1, 5, 3, 2, 0]",11
shaker sort,"[4, 1, 5, 3, 2, 0]",15
heapsort,"[4, 1, 5, 3, 2, 0]",14
mergesort,"[4, 2, 0, 1, 3, 5]",10
quicksort,"[4, 2, 0, 1, 3, 5]",11
shaker sort,"[4, 2, 0, 1, 3, 5]",14
heapsort,"[4, 2, 0, 1, 3, 5]",14
mergesort,"[4, 2, 0, 1, 5, 3]",10
quicksort,"[4, 2, 0, 1, 5, 3]",8
shaker sort,"[4, 2, 0, 1, 5, 3]",14
heapsort,"[4, 2, 0, 1, 5, 3]",16
mergesort,"[4, 2, 0, 3, 1, 5]",11
quicksort,"[4, 2, 0, 3, 1, 5]",12
shaker sort,"[4, 2, 0, 3, 1, 5]",14
heapsort,"[4, 2, 0, 3, 1, 5]",14
mergesort,"[4, 2, 0, 3, 5, 1]",11
quicksort,"[4, 2, 0, 3, 5, 1]",10
shaker sort,"[4, 2, 0, 3, 5, 1]",14
heapsort,"[4, 2, 0, 3, 5, 1]",17
mergesort,"[4, 2, 0, 5, 1, 3]",11
quicksort,"[4, 2, 0, 5, 1, 3]",8
shaker sort,"[4, 2, 0, 5, 1, 3]",14
heapsort,"[4, 2, 0, 5, 1, 3]",16
mergesort,"[4, 2, 0, 5, 3, 1]",11
quicksort,"[4, 2, 0, 5, 3, 1]",10
shaker sort,"[4, 2, 0, 5, 3, 1]",14
heapsort,"[4, 2, 0, 5, 3, 1]",17
mergesort,"[4, 2, 1, 0, 3, 5]",10
quicksort,"[4, 2, 1, 0, 3, 5]",12
shaker sort,"[4, 2, 1, 0, 3, 5]",14
heapsort,"[4, 2, 1, 0, 3, 5]",14
mergesort,"[4, 2, 1, 0, 5, 3]",10
quicksort,"[4, 2, 1, 0, 5, 3]",9
shaker sort,"[4, 2, 1, 0, 5, 3]",14
heapsort,"[4, 2, 1, 0, 5, 3]",16
mergesort,"[4, 2, 1, 3, 0, 5]",11
quicksort,"[4, 2, 1, 3, 0, 5]",15
shaker sort,"[4, 2, 1, 3, 0, 5]",14
heapsort,"[4, 2, 1, 3, 0, 5]",14
mergesort,"[4, 2, 1, 3, 5, 0]",11
quicksort,"[4, 2, 1, 3, 5, 0]",12
shaker sort,"[4, 2, 1, 3, 5, 0]",14
heapsort,"[4, 2, 1, 3, 5, 0]",17
mergesort,"[4, 2, 1, 5, 0, 3]",11
quicksort,"[4, 2, 1, 5, 0, 3]",9
shaker sort,"[4, 2, 1, 5, 0, 3]",14
heapsort,"[4, 2, 1, 5, 0, 3]",16
mergesort,"[4, 2, 1, 5, 3, 0]",11
quicksort,"[4, 2, 1, 5, 3, 0]",12
shaker sort,"[4, 2, 1, 5, 3, 0]",14
heapsort,"[4, 2, 1, 5, 3, 0]",17
mergesort,"[4, 2, 3, 0, 1, 5]",10
quicksort,"[4, 2, 3, 0, 1, 5]",12
shaker sort,"[4, 2, 3, 0, 1, 5]",15
heapsort,"[4, 2, 3, 0, 1, 5]",13
mergesort,"[4, 2, 3, 0, 5, 1]",10
quicksort,"[4, 2, 3, 0, 5, 1]",11
shaker sort,"[4, 2, 3, 0, 5, 1]",15
heapsort,"[4, 2, 3, 0, 5, 1]",16
mergesort,"[4, 2, 3, 1, 0, 5]",11
quicksort,"[4, 2, 3, 1, 0, 5]",15
shaker sort,"[4, 2, 3, 1, 0, 5]",15
heapsort,"[4, 2, 3, 1, 0, 5]",13
mergesort,"[4, 2, 3, 1, 5, 0]",11
quicksort,"[4, 2, 3, 1, 5, 0]",12
shaker sort,"[4, 2, 3, 1, 5, 0]",15
heapsort,"[4, 2, 3, 1, 5, 0]",16
mergesort,"[4, 2, 3, 5, 0, 1]",11
quicksort,"[4, 2, 3, 5, 0, 1]",11
shaker sort,"[4, 2, 3, 5, 0, 1]",15
heapsort,"[4, 2, 3, 5, 0, 1]",16
mergesort,"[4, 2, 3, 5, 1, 0]",11
quicksort,"[4, 2, 3, 5, 1, 0]",12
shaker sort,"[4, 2, 3, 5, 1, 0]",15
heapsort,"[4, 2, 3, 5, 1, 0]",16
mergesort,"[4, 2, 5, 0, 1, 3]",9
quicksort,"[4, 2, 5, 0, 1, 3]",8
shaker sort,"[4, 2, 5, 0, 1, 3]",15
heapsort,"[4, 2, 5, 0, 1, 3]",13
mergesort,"[4, 2, 5, 0, 3, 1]",9
quicksort,"[4, 2, 5, 0, 3, 1]",11
shaker sort,"[4, 2, 5, 0, 3, 1]",15
heapsort,"[4, 2, 5, 0, 3, 1]",14
mergesort,"[4, 2, 5, 1, 0, 3]",10
quicksort,"[4, 2, 5, 1, 0, 3]",9
shaker sort,"[4, 2, 5, 1, 0, 3]",15
heapsort,"[4, 2, 5, 1, 0, 3]",13
mergesort,"[4, 2, 5, 1, 3, 0]",10
quicksort,"[4, 2, 5, 1, 3, 0]",12
shaker sort,"[4, 2, 5, 1, 3, 0]",15
heapsort,"[4, 2, 5, 1, 3, 0]",14
mergesort,"[4, 2, 5, 3, 0, 1]",10
quicksort,"[4, 2, 5, 3, 0, 1]",11
shaker sort,"[4, 2, 5, 3, 0, 1]",15
heapsort,"[4, 2, 5, 3, 0, 1]",14
mergesort,"[4, 2, 5, 3, 1, 0]",10
quicksort,"[4, 2, 5, 3, 1, 0]",12
shaker sort,"[4, 2, 5, 3, 1, 0]",15
heapsort,"[4, 2, 5, 3, 1, 0]",14
mergesort,"[4, 3, 0, 1, 2, 5]",10
quicksort,"[4, 3, 0, 1, 2, 5]",11
shaker sort,"[4, 3, 0, 1, 2, 5]",14
heapsort,"[4, 3, 0, 1, 2, 5]",14
mergesort,"[4, 3, 0, 1, 5, 2]",10
quicksort,"[4, 3, 0, 1, 5, 2]",8
shaker sort,"[4, 3, 0, 1, 5, 2]",14
heapsort,"[4, 3, 0, 1, 5, 2]",17
mergesort,"[4, 3, 0, 2, 1, 5]",11
quicksort,"[4, 3, 0, 2, 1, 5]",11
shaker sort,"[4, 3, 0, 2, 1, 5]",14
heapsort,"[4, 3, 0, 2, 1, 5]",14
mergesort,"[4, 3, 0, 2, 5, 1]",11
quicksort,"[4, 3, 0, 2, 5, 1]",9
shaker sort,"[4, 3, 0, 2, 5, 1]",14
heapsort,"[4, 3, 0, 2, 5, 1]",17
mergesort,"[4, 3, 0, 5, 1, 2]",11
quicksort,"[4, 3, 0, 5, 1, 2]",8
shaker sort,"[4, 3, 0, 5, 1, 2]",15
heapsort,"[4, 3, 0, 5, 1, 2]",17
mergesort,"[4, 3, 0, 5, 2, 1]",11
quicksort,"[4, 3, 0, 5, 2, 1]",9
shaker sort,"[4, 3, 0, 5, 2, 1]",15
heapsort,"[4, 3, 0, 5, 2, 1]",17
mergesort,"[4, 3, 1, 0, 2, 5]",10
quicksort,"[4, 3, 1, 0, 2, 5]",11
shaker sort,"[4, 3, 1, 0, 2, 5]",14
heapsort,"[4, 3, 1, 0, 2, 5]",14
mergesort,"[4, 3, 1, 0, 5, 2]",10
quicksort,"[4, 3, 1, 0, 5, 2]",8
shaker sort,"[4, 3, 1, 0, 5, 2]",14
heapsort,"[4, 3, 1, 0, 5, 2]",17
mergesort,"[4, 3, 1, 2, 0, 5]",11
quicksort,"[4, 3, 1, 2, 0, 5]",14
shaker sort,"[4, 3, 1, 2, 0, 5]",14
heapsort,"[4, 3, 1, 2, 0, 5]",14
mergesort,"[4, 3, 1, 2, 5, 0]",11
quicksort,"[4, 3, 1, 2, 5, 0]",11
shaker sort,"[4, 3, 1, 2, 5, 0]",14
heapsort,"[4, 3, 1, 2, 5, 0]",17
mergesort,"[4, 3, 1, 5, 0, 2]",11
quicksort,"[4, 3, 1, 5, 0, 2]",8
shaker sort,"[4, 3, 1, 5, 0, 2]",15
heapsort,"[4, 3, 1, 5, 0, 2]",17
mergesort,"[4, 3, 1, 5, 2, 0]",11
quicksort,"[4, 3, 1, 5, 2, 0]",11
shaker sort,"[4, 3, 1, 5, 2, 0]",15
heapsort,"[4, 3, 1, 5, 2, 0]",17
mergesort,"[4, 3, 2, 0, 1, 5]",10
quicksort,"[4, 3, 2, 0, 1, 5]",11
shaker sort,"[4, 3, 2, 0, 1, 5]",15
heapsort,"[4, 3, 2, 0, 1, 5]",14
mergesort,"[4, 3, 2, 0, 5, 1]",10
quicksort,"[4, 3, 2, 0, 5, 1]",9
shaker sort,"[4, 3, 2, 0, 5, 1]",15
heapsort,"[4, 3, 2, 0, 5, 1]",17
mergesort,"[4, 3, 2, 1, 0, 5]",11
quicksort,"[4, 3, 2, 1, 0, 5]",15
shaker sort,"[4, 3, 2, 1, 0, 5]",15
heapsort,"[4, 3, 2, 1, 0, 5]",14
mergesort,"[4, 3, 2, 1, 5, 0]",11
quicksort,"[4, 3, 2, 1, 5, 0]",12
shaker sort,"[4, 3, 2, 1, 5, 0]",15
heapsort,"[4, 3, 2, 1, 5, 0]",17
mergesort,"[4, 3, 2, 5, 0, 1]",11
quicksort,"[4, 3, 2, 5, 0, 1]",9
shaker sort,"[4, 3, 2, 5, 0, 1]",15
heapsort,"[4, 3, 2, 5, 0, 1]",17
mergesort,"[4, 3, 2, 5, 1, 0]",11
quicksort,"[4, 3, 2, 5, 1, 0]",12
shaker sort,"[4, 3, 2, 5, 1, 0]",15
heapsort,"[4, 3, 2, 5, 1, 0]",17
mergesort,"[4, 3, 5, 0, 1, 2]",8
quicksort,"[4, 3, 5, 0, 1, 2]",9
shaker sort,"[4, 3, 5, 0, 1, 2]",15
heapsort,"[4, 3, 5, 0, 1, 2]",14
mergesort,"[4, 3, 5, 0, 2, 1]",8
quicksort,"[4, 3, 5, 0, 2, 1]",9
shaker sort,"[4, 3, 5, 0, 2, 1]",15
heapsort,"[4, 3, 5, 0, 2, 1]",14
mergesort,"[4, 3, 5, 1, 0, 2]",9
quicksort,"[4, 3, 5, 1, 0, 2]",9
shaker sort,"[4, 3, 5, 1, 0, 2]",15
heapsort,"[4, 3, 5, 1, 0, 2]",14
mergesort,"[4, 3, 5, 1, 2, 0]",9
quicksort,"[4, 3, 5, 1, 2, 0]",11
shaker sort,"[4, 3, 5, 1, 2, 0]",15
heapsort,"[4, 3, 5, 1, 2, 0]",14
mergesort,"[4, 3, 5, 2, 0, 1]",9
quicksort,"[4, 3, 5, 2, 0, 1]",9
shaker sort,"[4, 3, 5, 2, 0, 1]",15
heapsort,"[4, 3, 5, 2, 0, 1]",14
mergesort,"[4, 3, 5, 2, 1, 0]",9
quicksort,"[4, 3, 5, 2, 1, 0]",12
shaker sort,"[4, 3, 5, 2, 1, 0]",15
heapsort,"[4, 3, 5, 2, 1, 0]",14
mergesort,"[4, 5, 0, 1, 2, 3]",9
quicksort,"[4, 5, 0, 1, 2, 3]",9
shaker sort,"[4, 5, 0, 1, 2, 3]",14
heapsort,"[4, 5, 0, 1, 2, 3]",16
mergesort,"[4, 5, 0, 1, 3, 2]",9
quicksort,"[4, 5, 0, 1, 3, 2]",8
shaker sort,"[4, 5, 0, 1, 3, 2]",14
heapsort,"[4, 5, 0, 1, 3, 2]",17
mergesort,"[4, 5, 0, 2, 1, 3]",10
quicksort,"[4, 5, 0, 2, 1, 3]",8
shaker sort,"[4, 5, 0, 2, 1, 3]",14
heapsort,"[4, 5, 0, 2, 1, 3]",16
mergesort,"[4, 5, 0, 2, 3, 1]",10
quicksort,"[4, 5, 0, 2, 3, 1]",10
shaker sort,"[4, 5, 0, 2, 3, 1]",14
heapsort,"[4, 5, 0, 2, 3, 1]",17
mergesort,"[4, 5, 0, 3, 1, 2]",10
quicksort,"[4, 5, 0, 3, 1, 2]",8
shaker sort,"[4, 5, 0, 3, 1, 2]",15
heapsort,"[4, 5, 0, 3, 1, 2]",17
mergesort,"[4, 5, 0, 3, 2, 1]",10
quicksort,"[4, 5, 0, 3, 2, 1]",11
shaker sort,"[4, 5, 0, 3, 2, 1]",15
heapsort,"[4, 5, 0, 3, 2, 1]",17
mergesort,"[4, 5, 1, 0, 2, 3]",9
quicksort,"[4, 5, 1, 0, 2, 3]",9
shaker sort,"[4, 5, 1, 0, 2, 3]",14
heapsort,"[4, 5, 1, 0, 2, 3]",16
mergesort,"[4, 5, 1, 0, 3, 2]",9
quicksort,"[4, 5, 1, 0, 3, 2]",8
shaker sort,"[4, 5, 1, 0, 3, 2]",14
heapsort,"[4, 5, 1, 0, 3, 2]",17
mergesort,"[4, 5, 1, 2, 0, 3]",10
quicksort,"[4, 5, 1, 2, 0, 3]",9
shaker sort,"[4, 5, 1, 2, 0, 3]",14
heapsort,"[4, 5, 1, 2, 0, 3]",16
mergesort,"[4, 5, 1, 2, 3, 0]",10
quicksort,"[4, 5, 1, 2, 3, 0]",12
shaker sort,"[4, 5, 1, 2, 3, 0]",14
heapsort,"[4, 5, 1, 2, 3, 0]",17
mergesort,"[4, 5, 1, 3, 0, 2]",10
quicksort,"[4, 5, 1, 3, 0, 2]",8
shaker sort,"[4, 5, 1, 3, 0, 2]",15
heapsort,"[4, 5, 1, 3, 0, 2]",17
mergesort,"[4, 5, 1, 3, 2, 0]",10
quicksort,"[4, 5, 1, 3, 2, 0]",11
shaker sort,"[4, 5, 1, 3, 2, 0]",15
heapsort,"[4, 5, 1, 3, 2, 0]",17
mergesort,"[4, 5, 2, 0, 1, 3]",9
quicksort,"[4, 5, 2, 0, 1, 3]",8
shaker sort,"[4, 5, 2, 0, 1, 3]",15
heapsort,"[4, 5, 2, 0, 1, 3]",16
mergesort,"[4, 5, 2, 0, 3, 1]",9
quicksort,"[4, 5, 2, 0, 3, 1]",10
shaker sort,"[4, 5, 2, 0, 3, 1]",15
heapsort,"[4, 5, 2, 0, 3, 1]",17
mergesort,"[4, 5, 2, 1, 0, 3]",10
quicksort,"[4, 5, 2, 1, 0, 3]",9
shaker sort,"[4, 5, 2, 1, 0, 3]",15
heapsort,"[4, 5, 2, 1, 0, 3]",16
mergesort,"[4, 5, 2, 1, 3, 0]",10
quicksort,"[4, 5, 2, 1, 3, 0]",12
shaker sort,"[4, 5, 2, 1, 3, 0]",15
heapsort,"[4, 5, 2, 1, 3, 0]",17
mergesort,"[4, 5, 2, 3, 0, 1]",10
quicksort,"[4, 5, 2, 3, 0, 1]",11
shaker sort,"[4, 5, 2, 3, 0, 1]",15
heapsort,"[4, 5, 2, 3, 0, 1]",17
mergesort,"[4, 5, 2, 3, 1, 0]",10
quicksort,"[4, 5, 2, 3, 1, 0]",12
shaker sort,"[4, 5, 2, 3, 1, 0]",15
heapsort,"[4, 5, 2, 3, 1, 0]",17
mergesort,"[4, 5, 3, 0, 1, 2]",8
quicksort,"[4, 5, 3, 0, 1, 2]",9
shaker sort,"[4, 5, 3, 0, 1, 2]",15
heapsort,"[4, 5, 3, 0, 1, 2]",16
mergesort,"[4, 5, 3, 0, 2, 1]",8
quicksort,"[4, 5, 3, 0, 2, 1]",11
shaker sort,"[4, 5, 3, 0, 2, 1]",15
heapsort,"[4, 5, 3, 0, 2, 1]",16
mergesort,"[4, 5, 3, 1, 0, 2]",9
quicksort,"[4, 5, 3, 1, 0, 2]",9
shaker sort,"[4, 5, 3, 1, 0, 2]",15
heapsort,"[4, 5, 3, 1, 0, 2]",16
mergesort,"[4, 5, 3, 1, 2, 0]",9
quicksort,"[4, 5, 3, 1, 2, 0]",11
shaker sort,"[4, 5, 3, 1, 2, 0]",15
heapsort,"[4, 5, 3, 1, 2, 0]",16
mergesort,"[4, 5, 3, 2, 0, 1]",9
quicksort,"[4, 5, 3, 2, 0, 1]",11
shaker sort,"[4, 5, 3, 2, 0, 1]",15
heapsort,"[4, 5, 3, 2, 0, 1]",16
mergesort,"[4, 5, 3, 2, 1, 0]",9
quicksort,"[4, 5, 3, 2, 1, 0]",12
shaker sort,"[4, 5, 3, 2, 1, 0]",15
heapsort,"[4, 5, 3, 2, 1, 0]",16
mergesort,"[5, 0, 1, 2, 3, 4]",10
quicksort,"[5, 0, 1, 2, 3, 4]",11
shaker sort,"[5, 0, 1, 2, 3, 4]",9
heapsort,"[5, 0, 1, 2, 3, 4]",13
mergesort,"[5, 0, 1, 2, 4, 3]",10
quicksort,"[5, 0, 1, 2, 4, 3]",9
shaker sort,"[5, 0, 1, 2, 4, 3]",12
heapsort,"[5, 0, 1, 2, 4, 3]",14
mergesort,"[5, 0, 1, 3, 2, 4]",11
quicksort,"[5, 0, 1, 3, 2, 4]",9
shaker sort,"[5, 0, 1, 3, 2, 4]",12
heapsort,"[5, 0, 1, 3, 2, 4]",13
mergesort,"[5, 0, 1, 3, 4, 2]",11
quicksort,"[5, 0, 1, 3, 4, 2]",9
shaker sort,"[5, 0, 1, 3, 4, 2]",12
heapsort,"[5, 0, 1, 3, 4, 2]",15
mergesort,"[5, 0, 1, 4, 2, 3]",11
quicksort,"[5, 0, 1, 4, 2, 3]",9
shaker sort,"[5, 0, 1, 4, 2, 3]",14
heapsort,"[5, 0, 1, 4, 2, 3]",14
mergesort,"[5, 0, 1, 4, 3, 2]",11
quicksort,"[5, 0, 1, 4, 3, 2]",9
shaker sort,"[5, 0, 1, 4, 3, 2]",14
heapsort,"[5, 0, 1, 4, 3, 2]",15
mergesort,"[5, 0, 2, 1, 3, 4]",10
quicksort,"[5, 0, 2, 1, 3, 4]",10
shaker sort,"[5, 0, 2, 1, 3, 4]",12
heapsort,"[5, 0, 2, 1, 3, 4]",13
mergesort,"[5, 0, 2, 1, 4, 3]",10
quicksort,"[5, 0, 2, 1, 4, 3]",8
shaker sort,"[5, 0, 2, 1, 4, 3]",12
heapsort,"[5, 0, 2, 1, 4, 3]",14
mergesort,"[5, 0, 2, 3, 1, 4]",11
quicksort,"[5, 0, 2, 3, 1, 4]",9
shaker sort,"[5, 0, 2, 3, 1, 4]",12
heapsort,"[5, 0, 2, 3, 1, 4]",13
mergesort,"[5, 0, 2, 3, 4, 1]",11
quicksort,"[5, 0, 2, 3, 4, 1]",11
shaker sort,"[5, 0, 2, 3, 4, 1]",12
heapsort,"[5, 0, 2, 3, 4, 1]",15
mergesort,"[5, 0, 2, 4, 1, 3]",11
quicksort,"[5, 0, 2, 4, 1, 3]",8
shaker sort,"[5, 0, 2, 4, 1, 3]",14
heapsort,"[5, 0, 2, 4, 1, 3]",14
mergesort,"[5, 0, 2, 4, 3, 1]",11
quicksort,"[5, 0, 2, 4, 3, 1]",10
shaker sort,"[5, 0, 2, 4, 3, 1]",14
heapsort,"[5, 0, 2, 4, 3, 1]",15
mergesort,"[5, 0, 3, 1, 2, 4]",10
quicksort,"[5, 0, 3, 1, 2, 4]",9
shaker sort,"[5, 0, 3, 1, 2, 4]",14
heapsort,"[5, 0, 3, 1, 2, 4]",12
mergesort,"[5, 0, 3, 1, 4, 2]",10
quicksort,"[5, 0, 3, 1, 4, 2]",9
shaker sort,"[5, 0, 3, 1, 4, 2]",14
heapsort,"[5, 0, 3, 1, 4, 2]",14
mergesort,"[5, 0, 3, 2, 1, 4]",11
quicksort,"[5, 0, 3, 2, 1, 4]",9
shaker sort,"[5, 0, 3, 2, 1, 4]",14
heapsort,"[5, 0, 3, 2, 1, 4]",12
mergesort,"[5, 0, 3, 2, 4, 1]",11
quicksort,"[5, 0, 3, 2, 4, 1]",11
shaker sort,"[5, 0, 3, 2, 4, 1]",14
heapsort,"[5, 0, 3, 2, 4, 1]",14
mergesort,"[5, 0, 3, 4, 1, 2]",11
quicksort,"[5, 0, 3, 4, 1, 2]",9
shaker sort,"[5, 0, 3, 4, 1, 2]",15
heapsort,"[5, 0, 3, 4, 1, 2]",14
mergesort,"[5, 0, 3, 4, 2, 1]",11
quicksort,"[5, 0, 3, 4, 2, 1]",11
shaker sort,"[5, 0, 3, 4, 2, 1]",15
heapsort,"[5, 0, 3, 4, 2, 1]",14
mergesort,"[5, 0, 4, 1, 2, 3]",9
quicksort,"[5, 0, 4, 1, 2, 3]",9
shaker sort,"[5, 0, 4, 1, 2, 3]",14
heapsort,"[5, 0, 4, 1, 2, 3]",12
mergesort,"[5, 0, 4, 1, 3, 2]",9
quicksort,"[5, 0, 4, 1, 3, 2]",8
shaker sort,"[5, 0, 4, 1, 3, 2]",14
heapsort,"[5, 0, 4, 1, 3, 2]",13
mergesort,"[5, 0, 4, 2, 1, 3]",10
quicksort,"[5, 0, 4, 2, 1, 3]",8
shaker sort,"[5, 0, 4, 2, 1, 3]",14
heapsort,"[5, 0, 4, 2, 1, 3]",12
mergesort,"[5, 0, 4, 2, 3, 1]",10
quicksort,"[5, 0, 4, 2, 3, 1]",10
shaker sort,"[5, 0, 4, 2, 3, 1]",14
heapsort,"[5, 0, 4, 2, 3, 1]",13
mergesort,"[5, 0, 4, 3, 1, 2]",10
quicksort,"[5, 0, 4, 3, 1, 2]",8
shaker sort,"[5, 0, 4, 3, 1, 2]",15
heapsort,"[5, 0, 4, 3, 1, 2]",13
mergesort,"[5, 0, 4, 3, 2, 1]",10
quicksort,"[5, 0, 4, 3, 2, 1]",11
shaker sort,"[5, 0, 4, 3, 2, 1]",15
heapsort,"[5, 0, 4, 3, 2, 1]",13
mergesort,"[5, 1, 0, 2, 3, 4]",10
quicksort,"[5, 1, 0, 2, 3, 4]",11
shaker sort,"[5, 1, 0, 2, 3, 4]",12
heapsort,"[5, 1, 0, 2, 3, 4]",13
mergesort,"[5, 1, 0, 2, 4, 3]",10
quicksort,"[5, 1, 0, 2, 4, 3]",9
shaker sort,"[5, 1, 0, 2, 4, 3]",12
heapsort,"[5, 1, 0, 2, 4, 3]",14
mergesort,"[5, 1, 0, 3, 2, 4]",11
quicksort,"[5, 1, 0, 3, 2, 4]",9
shaker sort,"[5, 1, 0, 3, 2, 4]",12
heapsort,"[5, 1, 0, 3, 2, 4]",13
mergesort,"[5, 1, 0, 3, 4, 2]",11
quicksort,"[5, 1, 0, 3, 4, 2]",9
shaker sort,"[5, 1, 0, 3, 4, 2]",12
heapsort,"[5, 1, 0, 3, 4, 2]",15
mergesort,"[5, 1, 0, 4, 2, 3]",11
quicksort,"[5, 1, 0, 4, 2, 3]",9
shaker sort,"[5, 1, 0, 4, 2, 3]",14
heapsort,"[5, 1, 0, 4, 2, 3]",14
mergesort,"[5, 1, 0, 4, 3, 2]",11
quicksort,"[5, 1, 0, 4, 3, 2]",9
shaker sort,"[5, 1, 0, 4, 3, 2]",14
heapsort,"[5, 1, 0, 4, 3, 2]",15
mergesort,"[5, 1, 2, 0, 3, 4]",10
quicksort,"[5, 1, 2, 0, 3, 4]",11
shaker sort,"[5, 1, 2, 0, 3, 4]",12
heapsort,"[5, 1, 2, 0, 3, 4]",13
mergesort,"[5, 1, 2, 0, 4, 3]",10
quicksort,"[5, 1, 2, 0, 4, 3]",9
shaker sort,"[5, 1, 2, 0, 4, 3]",12
heapsort,"[5, 1, 2, 0, 4, 3]",14
mergesort,"[5, 1, 2, 3, 0, 4]",11
quicksort,"[5, 1, 2, 3, 0, 4]",11
shaker sort,"[5, 1, 2, 3, 0, 4]",12
heapsort,"[5, 1, 2, 3, 0, 4]",13
mergesort,"[5, 1, 2, 3, 4, 0]",11
quicksort,"[5, 1, 2, 3, 4, 0]",15
shaker sort,"[5, 1, 2, 3, 4, 0]",12
heapsort,"[5, 1, 2, 3, 4, 0]",15
mergesort,"[5, 1, 2, 4, 0, 3]",11
quicksort,"[5, 1, 2, 4, 0, 3]",9
shaker sort,"[5, 1, 2, 4, 0, 3]",14
heapsort,"[5, 1, 2, 4, 0, 3]",14
mergesort,"[5, 1, 2, 4, 3, 0]",11
quicksort,"[5, 1, 2, 4, 3, 0]",13
shaker sort,"[5, 1, 2, 4, 3, 0]",14
heapsort,"[5, 1, 2, 4, 3, 0]",15
mergesort,"[5, 1, 3, 0, 2, 4]",10
quicksort,"[5, 1, 3, 0, 2, 4]",9
shaker sort,"[5, 1, 3, 0, 2, 4]",14
heapsort,"[5, 1, 3, 0, 2, 4]",12
mergesort,"[5, 1, 3, 0, 4, 2]",10
quicksort,"[5, 1, 3, 0, 4, 2]",9
shaker sort,"[5, 1, 3, 0, 4, 2]",14
heapsort,"[5, 1, 3, 0, 4, 2]",14
mergesort,"[5, 1, 3, 2, 0, 4]",11
quicksort,"[5, 1, 3, 2, 0, 4]",11
shaker sort,"[5, 1, 3, 2, 0, 4]",14
heapsort,"[5, 1, 3, 2, 0, 4]",12
mergesort,"[5, 1, 3, 2, 4, 0]",11
quicksort,"[5, 1, 3, 2, 4, 0]",14
shaker sort,"[5, 1, 3, 2, 4, 0]",14
heapsort,"[5, 1, 3, 2, 4, 0]",14
mergesort,"[5, 1, 3, 4, 0, 2]",11
quicksort,"[5, 1, 3, 4, 0, 2]",9
shaker sort,"[5, 1, 3, 4, 0, 2]",15
heapsort,"[5, 1, 3, 4, 0, 2]",14
mergesort,"[5, 1, 3, 4, 2, 0]",11
quicksort,"[5, 1, 3, 4, 2, 0]",13
shaker sort,"[5, 1, 3, 4, 2, 0]",15
heapsort,"[5, 1, 3, 4, 2, 0]",14
mergesort,"[5, 1, 4, 0, 2, 3]",9
quicksort,"[5, 1, 4, 0, 2, 3]",9
shaker sort,"[5, 1, 4, 0, 2, 3]",14
heapsort,"[5, 1, 4, 0, 2, 3]",12
mergesort,"[5, 1, 4, 0, 3, 2]",9
quicksort,"[5, 1, 4, 0, 3, 2]",8
shaker sort,"[5, 1, 4, 0, 3, 2]",14
heapsort,"[5, 1, 4, 0, 3, 2]",13
mergesort,"[5, 1, 4, 2, 0, 3]",10
quicksort,"[5, 1, 4, 2, 0, 3]",9
shaker sort,"[5, 1, 4, 2, 0, 3]",14
heapsort,"[5, 1, 4, 2, 0, 3]",12
mergesort,"[5, 1, 4, 2, 3, 0]",10
quicksort,"[5, 1, 4, 2, 3, 0]",13
shaker sort,"[5, 1, 4, 2, 3, 0]",14
heapsort,"[5, 1, 4, 2, 3, 0]",13
mergesort,"[5, 1, 4, 3, 0, 2]",10
quicksort,"[5, 1, 4, 3, 0, 2]",8
shaker sort,"[5, 1, 4, 3, 0, 2]",15
heapsort,"[5, 1, 4, 3, 0, 2]",13
mergesort,"[5, 1, 4, 3, 2, 0]",10
quicksort,"[5, 1, 4, 3, 2, 0]",13
shaker sort,"[5, 1, 4, 3, 2, 0]",15
heapsort,"[5, 1, 4, 3, 2, 0]",13
mergesort,"[5, 2, 0, 1, 3, 4]",10
quicksort,"[5, 2, 0, 1, 3, 4]",10
shaker sort,"[5, 2, 0, 1, 3, 4]",14
heapsort,"[5, 2, 0, 1, 3, 4]",13
mergesort,"[5, 2, 0, 1, 4, 3]",10
quicksort,"[5, 2, 0, 1, 4, 3]",8
shaker sort,"[5, 2, 0, 1, 4, 3]",14
heapsort,"[5, 2, 0, 1, 4, 3]",14
mergesort,"[5, 2, 0, 3, 1, 4]",11
quicksort,"[5, 2, 0, 3, 1, 4]",9
shaker sort,"[5, 2, 0, 3, 1, 4]",14
heapsort,"[5, 2, 0, 3, 1, 4]",13
mergesort,"[5, 2, 0, 3, 4, 1]",11
quicksort,"[5, 2, 0, 3, 4, 1]",11
shaker sort,"[5, 2, 0, 3, 4, 1]",14
heapsort,"[5, 2, 0, 3, 4, 1]",15
mergesort,"[5, 2, 0, 4, 1, 3]",11
quicksort,"[5, 2, 0, 4, 1, 3]",8
shaker sort,"[5, 2, 0, 4, 1, 3]",14
heapsort,"[5, 2, 0, 4, 1, 3]",14
mergesort,"[5, 2, 0, 4, 3, 1]",11
quicksort,"[5, 2, 0, 4, 3, 1]",11
shaker sort,"[5, 2, 0, 4, 3, 1]",14
heapsort,"[5, 2, 0, 4, 3, 1]",15
mergesort,"[5, 2, 1, 0, 3, 4]",10
quicksort,"[5, 2, 1, 0, 3, 4]",11
shaker sort,"[5, 2, 1, 0, 3, 4]",14
heapsort,"[5, 2, 1, 0, 3, 4]",13
mergesort,"[5, 2, 1, 0, 4, 3]",10
quicksort,"[5, 2, 1, 0, 4, 3]",9
shaker sort,"[5, 2, 1, 0, 4, 3]",14
heapsort,"[5, 2, 1, 0, 4, 3]",14
mergesort,"[5, 2, 1, 3, 0, 4]",11
quicksort,"[5, 2, 1, 3, 0, 4]",10
shaker sort,"[5, 2, 1, 3, 0, 4]",14
heapsort,"[5, 2, 1, 3, 0, 4]",13
mergesort,"[5, 2, 1, 3, 4, 0]",11
quicksort,"[5, 2, 1, 3, 4, 0]",15
shaker sort,"[5, 2, 1, 3, 4, 0]",14
heapsort,"[5, 2, 1, 3, 4, 0]",15
mergesort,"[5, 2, 1, 4, 0, 3]",11
quicksort,"[5, 2, 1, 4, 0, 3]",9
shaker sort,"[5, 2, 1, 4, 0, 3]",14
heapsort,"[5, 2, 1, 4, 0, 3]",14
mergesort,"[5, 2, 1, 4, 3, 0]",11
quicksort,"[5, 2, 1, 4, 3, 0]",13
shaker sort,"[5, 2, 1, 4, 3, 0]",14
heapsort,"[5, 2, 1, 4, 3, 0]",15
mergesort,"[5, 2, 3, 0, 1, 4]",10
quicksort,"[5, 2, 3, 0, 1, 4]",9
shaker sort,"[5, 2, 3, 0, 1, 4]",15
heapsort,"[5, 2, 3, 0, 1, 4]",12
mergesort,"[5, 2, 3, 0, 4, 1]",10
quicksort,"[5, 2, 3, 0, 4, 1]",11
shaker sort,"[5, 2, 3, 0, 4, 1]",15
heapsort,"[5, 2, 3, 0, 4, 1]",14
mergesort,"[5, 2, 3, 1, 0, 4]",11
quicksort,"[5, 2, 3, 1, 0, 4]",10
shaker sort,"[5, 2, 3, 1, 0, 4]",15
heapsort,"[5, 2, 3, 1, 0, 4]",12
mergesort,"[5, 2, 3, 1, 4, 0]",11
quicksort,"[5, 2, 3, 1, 4, 0]",15
shaker sort,"[5, 2, 3, 1, 4, 0]",15
heapsort,"[5, 2, 3, 1, 4, 0]",14
mergesort,"[5, 2, 3, 4, 0, 1]",11
quicksort,"[5, 2, 3, 4, 0, 1]",11
shaker sort,"[5, 2, 3, 4, 0, 1]",15
heapsort,"[5, 2, 3, 4, 0, 1]",14
mergesort,"[5, 2, 3, 4, 1, 0]",11
quicksort,"[5, 2, 3, 4, 1, 0]",15
shaker sort,"[5, 2, 3, 4, 1, 0]",15
heapsort,"[5, 2, 3, 4, 1, 0]",14
mergesort,"[5, 2, 4, 0, 1, 3]",9
quicksort,"[5, 2, 4, 0, 1, 3]",8
shaker sort,"[5, 2, 4, 0, 1, 3]",15
heapsort,"[5, 2, 4, 0, 1, 3]",12
mergesort,"[5, 2, 4, 0, 3, 1]",9
quicksort,"[5, 2, 4, 0, 3, 1]",10
shaker sort,"[5, 2, 4, 0, 3, 1]",15
heapsort,"[5, 2, 4, 0, 3, 1]",13
mergesort,"[5, 2, 4, 1, 0, 3]",10
quicksort,"[5, 2, 4, 1, 0, 3]",9
shaker sort,"[5, 2, 4, 1, 0, 3]",15
heapsort,"[5, 2, 4, 1, 0, 3]",12
mergesort,"[5, 2, 4, 1, 3, 0]",10
quicksort,"[5, 2, 4, 1, 3, 0]",13
shaker sort,"[5, 2, 4, 1, 3, 0]",15
heapsort,"[5, 2, 4, 1, 3, 0]",13
mergesort,"[5, 2, 4, 3, 0, 1]",10
quicksort,"[5, 2, 4, 3, 0, 1]",10
shaker sort,"[5, 2, 4, 3, 0, 1]",15
heapsort,"[5, 2, 4, 3, 0, 1]",13
mergesort,"[5, 2, 4, 3, 1, 0]",10
quicksort,"[5, 2, 4, 3, 1, 0]",15
shaker sort,"[5, 2, 4, 3, 1, 0]",15
heapsort,"[5, 2, 4, 3, 1, 0]",13
mergesort,"[5, 3, 0, 1, 2, 4]",10
quicksort,"[5, 3, 0, 1, 2, 4]",9
shaker sort,"[5, 3, 0, 1, 2, 4]",14
heapsort,"[5, 3, 0, 1, 2, 4]",13
mergesort,"[5, 3, 0, 1, 4, 2]",10
quicksort,"[5, 3, 0, 1, 4, 2]",9
shaker sort,"[5, 3, 0, 1, 4, 2]",14
heapsort,"[5, 3, 0, 1, 4, 2]",15
mergesort,"[5, 3, 0, 2, 1, 4]",11
quicksort,"[5, 3, 0, 2, 1, 4]",9
shaker sort,"[5, 3, 0, 2, 1, 4]",14
heapsort,"[5, 3, 0, 2, 1, 4]",13
mergesort,"[5, 3, 0, 2, 4, 1]",11
quicksort,"[5, 3, 0, 2, 4, 1]",9
shaker sort,"[5, 3, 0, 2, 4, 1]",14
heapsort,"[5, 3, 0, 2, 4, 1]",15
mergesort,"[5, 3, 0, 4, 1, 2]",11
quicksort,"[5, 3, 0, 4, 1, 2]",9
shaker sort,"[5, 3, 0, 4, 1, 2]",15
heapsort,"[5, 3, 0, 4, 1, 2]",15
mergesort,"[5, 3, 0, 4, 2, 1]",11
quicksort,"[5, 3, 0, 4, 2, 1]",9
shaker sort,"[5, 3, 0, 4, 2, 1]",15
heapsort,"[5, 3, 0, 4, 2, 1]",15
mergesort,"[5, 3, 1, 0, 2, 4]",10
quicksort,"[5, 3, 1, 0, 2, 4]",9
shaker sort,"[5, 3, 1, 0, 2, 4]",14
heapsort,"[5, 3, 1, 0, 2, 4]",13
mergesort,"[5, 3, 1, 0, 4, 2]",10
quicksort,"[5, 3, 1, 0, 4, 2]",9
shaker sort,"[5, 3, 1, 0, 4, 2]",14
heapsort,"[5, 3, 1, 0, 4, 2]",15
mergesort,"[5, 3, 1, 2, 0, 4]",11
quicksort,"[5, 3, 1, 2, 0, 4]",11
shaker sort,"[5, 3, 1, 2, 0, 4]",14
heapsort,"[5, 3, 1, 2, 0, 4]",13
mergesort,"[5, 3, 1, 2, 4, 0]",11
quicksort,"[5, 3, 1, 2, 4, 0]",14
shaker sort,"[5, 3, 1, 2, 4, 0]",14
heapsort,"[5, 3, 1, 2, 4, 0]",15
mergesort,"[5, 3, 1, 4, 0, 2]",11
quicksort,"[5, 3, 1, 4, 0, 2]",9
shaker sort,"[5, 3, 1, 4, 0, 2]",15
heapsort,"[5, 3, 1, 4, 0, 2]",15
mergesort,"[5, 3, 1, 4, 2, 0]",11
quicksort,"[5, 3, 1, 4, 2, 0]",13
shaker sort,"[5, 3, 1, 4, 2, 0]",15
heapsort,"[5, 3, 1, 4, 2, 0]",15
mergesort,"[5, 3, 2, 0, 1, 4]",10
quicksort,"[5, 3, 2, 0, 1, 4]",9
shaker sort,"[5, 3, 2, 0, 1, 4]",15
heapsort,"[5, 3, 2, 0, 1, 4]",13
mergesort,"[5, 3, 2, 0, 4, 1]",10
quicksort,"[5, 3, 2, 0, 4, 1]",9
shaker sort,"[5, 3, 2, 0, 4, 1]",15
heapsort,"[5, 3, 2, 0, 4, 1]",15
mergesort,"[5, 3, 2, 1, 0, 4]",11
quicksort,"[5, 3, 2, 1, 0, 4]",11
shaker sort,"[5, 3, 2, 1, 0, 4]",15
heapsort,"[5, 3, 2, 1, 0, 4]",13
mergesort,"[5, 3, 2, 1, 4, 0]",11
quicksort,"[5, 3, 2, 1, 4, 0]",15
shaker sort,"[5, 3, 2, 1, 4, 0]",15
heapsort,"[5, 3, 2, 1, 4, 0]",15
mergesort,"[5, 3, 2, 4, 0, 1]",11
quicksort,"[5, 3, 2, 4, 0, 1]",9
shaker sort,"[5, 3, 2, 4, 0, 1]",15
heapsort,"[5, 3, 2, 4, 0, 1]",15
mergesort,"[5, 3, 2, 4, 1, 0]",11
quicksort,"[5, 3, 2, 4, 1, 0]",14
shaker sort,"[5, 3, 2, 4, 1, 0]",15
heapsort,"[5, 3, 2, 4, 1, 0]",15
mergesort,"[5, 3, 4, 0, 1, 2]",8
quicksort,"[5, 3, 4, 0, 1, 2]",8
shaker sort,"[5, 3, 4, 0, 1, 2]",15
heapsort,"[5, 3, 4, 0, 1, 2]",13
mergesort,"[5, 3, 4, 0, 2, 1]",8
quicksort,"[5, 3, 4, 0, 2, 1]",9
shaker sort,"[5, 3, 4, 0, 2, 1]",15
heapsort,"[5, 3, 4, 0, 2, 1]",13
mergesort,"[5, 3, 4, 1, 0, 2]",9
quicksort,"[5, 3, 4, 1, 0, 2]",8
shaker sort,"[5, 3, 4, 1, 0, 2]",15
heapsort,"[5, 3, 4, 1, 0, 2]",13
mergesort,"[5, 3, 4, 1, 2, 0]",9
quicksort,"[5, 3, 4, 1, 2, 0]",13
shaker sort,"[5, 3, 4, 1, 2, 0]",15
heapsort,"[5, 3, 4, 1, 2, 0]",13
mergesort,"[5, 3, 4, 2, 0, 1]",9
quicksort,"[5, 3, 4, 2, 0, 1]",9
shaker sort,"[5, 3, 4, 2, 0, 1]",15
heapsort,"[5, 3, 4, 2, 0, 1]",13
mergesort,"[5, 3, 4, 2, 1, 0]",9
quicksort,"[5, 3, 4, 2, 1, 0]",14
shaker sort,"[5, 3, 4, 2, 1, 0]",15
heapsort,"[5, 3, 4, 2, 1, 0]",13
mergesort,"[5, 4, 0, 1, 2, 3]",9
quicksort,"[5, 4, 0, 1, 2, 3]",9
shaker sort,"[5, 4, 0, 1, 2, 3]",14
heapsort,"[5, 4, 0, 1, 2, 3]",14
mergesort,"[5, 4, 0, 1, 3, 2]",9
quicksort,"[5, 4, 0, 1, 3, 2]",9
shaker sort,"[5, 4, 0, 1, 3, 2]",14
heapsort,"[5, 4, 0, 1, 3, 2]",15
mergesort,"[5, 4, 0, 2, 1, 3]",10
quicksort,"[5, 4, 0, 2, 1, 3]",8
shaker sort,"[5, 4, 0, 2, 1, 3]",14
heapsort,"[5, 4, 0, 2, 1, 3]",14
mergesort,"[5, 4, 0, 2, 3, 1]",10
quicksort,"[5, 4, 0, 2, 3, 1]",9
shaker sort,"[5, 4, 0, 2, 3, 1]",14
heapsort,"[5, 4, 0, 2, 3, 1]",15
mergesort,"[5, 4, 0, 3, 1, 2]",10
quicksort,"[5, 4, 0, 3, 1, 2]",9
shaker sort,"[5, 4, 0, 3, 1, 2]",15
heapsort,"[5, 4, 0, 3, 1, 2]",15
mergesort,"[5, 4, 0, 3, 2, 1]",10
quicksort,"[5, 4, 0, 3, 2, 1]",9
shaker sort,"[5, 4, 0, 3, 2, 1]",15
heapsort,"[5, 4, 0, 3, 2, 1]",15
mergesort,"[5, 4, 1, 0, 2, 3]",9
quicksort,"[5, 4, 1, 0, 2, 3]",9
shaker sort,"[5, 4, 1, 0, 2, 3]",14
heapsort,"[5, 4, 1, 0, 2, 3]",14
mergesort,"[5, 4, 1, 0, 3, 2]",9
quicksort,"[5, 4, 1, 0, 3, 2]",9
shaker sort,"[5, 4, 1, 0, 3, 2]",14
heapsort,"[5, 4, 1, 0, 3, 2]",15
mergesort,"[5, 4, 1, 2, 0, 3]",10
quicksort,"[5, 4, 1, 2, 0, 3]",9
shaker sort,"[5, 4, 1, 2, 0, 3]",14
heapsort,"[5, 4, 1, 2, 0, 3]",14
mergesort,"[5, 4, 1, 2, 3, 0]",10
quicksort,"[5, 4, 1, 2, 3, 0]",13
shaker sort,"[5, 4, 1, 2, 3, 0]",14
heapsort,"[5, 4, 1, 2, 3, 0]",15
mergesort,"[5, 4, 1, 3, 0, 2]",10
quicksort,"[5, 4, 1, 3, 0, 2]",9
shaker sort,"[5, 4, 1, 3, 0, 2]",15
heapsort,"[5, 4, 1, 3, 0, 2]",15
mergesort,"[5, 4, 1, 3, 2, 0]",10
quicksort,"[5, 4, 1, 3, 2, 0]",13
shaker sort,"[5, 4, 1, 3, 2, 0]",15
heapsort,"[5, 4, 1, 3, 2, 0]",15
mergesort,"[5, 4, 2, 0, 1, 3]",9
quicksort,"[5, 4, 2, 0, 1, 3]",8
shaker sort,"[5, 4, 2, 0, 1, 3]",15
heapsort,"[5, 4, 2, 0, 1, 3]",14
mergesort,"[5, 4, 2, 0, 3, 1]",9
quicksort,"[5, 4, 2, 0, 3, 1]",9
shaker sort,"[5, 4, 2, 0, 3, 1]",15
heapsort,"[5, 4, 2, 0, 3, 1]",15
mergesort,"[5, 4, 2, 1, 0, 3]",10
quicksort,"[5, 4, 2, 1, 0, 3]",9
shaker sort,"[5, 4, 2, 1, 0, 3]",15
heapsort,"[5, 4, 2, 1, 0, 3]",14
mergesort,"[5, 4, 2, 1, 3, 0]",10
quicksort,"[5, 4, 2, 1, 3, 0]",13
shaker sort,"[5, 4, 2, 1, 3, 0]",15
heapsort,"[5, 4, 2, 1, 3, 0]",15
mergesort,"[5, 4, 2, 3, 0, 1]",10
quicksort,"[5, 4, 2, 3, 0, 1]",9
shaker sort,"[5, 4, 2, 3, 0, 1]",15
heapsort,"[5, 4, 2, 3, 0, 1]",15
mergesort,"[5, 4, 2, 3, 1, 0]",10
quicksort,"[5, 4, 2, 3, 1, 0]",15
shaker sort,"[5, 4, 2, 3, 1, 0]",15
heapsort,"[5, 4, 2, 3, 1, 0]",15
mergesort,"[5, 4, 3, 0, 1, 2]",8
quicksort,"[5, 4, 3, 0, 1, 2]",9
shaker sort,"[5, 4, 3, 0, 1, 2]",15
heapsort,"[5, 4, 3, 0, 1, 2]",14
mergesort,"[5, 4, 3, 0, 2, 1]",8
quicksort,"[5, 4, 3, 0, 2, 1]",9
shaker sort,"[5, 4, 3, 0, 2, 1]",15
heapsort,"[5, 4, 3, 0, 2, 1]",14
mergesort,"[5, 4, 3, 1, 0, 2]",9
quicksort,"[5, 4, 3, 1, 0, 2]",9
shaker sort,"[5, 4, 3, 1, 0, 2]",15
heapsort,"[5, 4, 3, 1, 0, 2]",14
mergesort,"[5, 4, 3, 1, 2, 0]",9
quicksort,"[5, 4, 3, 1, 2, 0]",13
shaker sort,"[5, 4, 3, 1, 2, 0]",15
heapsort,"[5, 4, 3, 1, 2, 0]",14
mergesort,"[5, 4, 3, 2, 0, 1]",9
quicksort,"[5, 4, 3, 2, 0, 1]",9
shaker sort,"[5, 4, 3, 2, 0, 1]",15
heapsort,"[5, 4, 3, 2, 0, 1]",14
mergesort,"[5, 4, 3, 2, 1, 0]",9
quicksort,"[5, 4, 3, 2, 1, 0]",15
shaker sort,"[5, 4, 3, 2, 1, 0]",15
heapsort,"[5, 4, 3, 2, 1, 0]",14
